-- phpMyAdmin SQL Dump
-- version 4.9.2
-- https://www.phpmyadmin.net/
--
-- Host: 127.0.0.1:3306
-- Generation Time: Apr 05, 2022 at 09:58 PM
-- Server version: 10.4.10-MariaDB
-- PHP Version: 7.3.12

SET SQL_MODE = "NO_AUTO_VALUE_ON_ZERO";
SET AUTOCOMMIT = 0;
START TRANSACTION;
SET time_zone = "+00:00";


/*!40101 SET @OLD_CHARACTER_SET_CLIENT=@@CHARACTER_SET_CLIENT */;
/*!40101 SET @OLD_CHARACTER_SET_RESULTS=@@CHARACTER_SET_RESULTS */;
/*!40101 SET @OLD_COLLATION_CONNECTION=@@COLLATION_CONNECTION */;
/*!40101 SET NAMES utf8mb4 */;

--
-- Database: `varadero`
--

-- --------------------------------------------------------

--
-- Table structure for table `clientes`
--

DROP TABLE IF EXISTS `clientes`;
CREATE TABLE IF NOT EXISTS `clientes` (
  `cli_id_cliente` int(11) NOT NULL AUTO_INCREMENT,
  `cli_consumo` mediumint(3) NOT NULL,
  `cli_lugar` varchar(45) NOT NULL,
  `cli_observacion` text NOT NULL,
  `cli_hora` varchar(12) NOT NULL,
  `cli_fecha` date NOT NULL,
  `cli_eliminado` bit(1) NOT NULL,
  PRIMARY KEY (`cli_id_cliente`)
) ENGINE=MyISAM AUTO_INCREMENT=187 DEFAULT CHARSET=utf8;

--
-- Dumping data for table `clientes`
--

INSERT INTO `clientes` (`cli_id_cliente`, `cli_consumo`, `cli_lugar`, `cli_observacion`, `cli_hora`, `cli_fecha`, `cli_eliminado`) VALUES
(49, 1, 'M1', 'vacio', '19:20:41', '2022-02-10', b'1'),
(14, 1, 'M1', 'vacio', '16:16:24', '2022-01-31', b'1'),
(13, 3, 'allende #45', 'vacio', '13:39:35', '2022-01-31', b'1'),
(51, 1, 'M4', 'vacio', '19:21:49', '2022-02-10', b'1'),
(50, 1, 'M2', 'vacio', '19:21:13', '2022-02-10', b'1'),
(94, 1, 'M1', 'vacio', '18:53:09', '2022-02-12', b'1'),
(95, 1, 'M13', 'vacio', '18:54:23', '2022-02-12', b'1'),
(53, 1, 'M6', 'vacio', '19:28:17', '2022-02-10', b'1'),
(54, 1, 'M3', 'vacio', '19:30:08', '2022-02-10', b'1'),
(181, 1, 'M9', 'vacio', '16:28:56', '2022-02-15', b'1'),
(179, 1, 'M4', 'vacio', '16:25:05', '2022-02-15', b'1'),
(180, 3, 'juarez 53', 'vacio', '16:27:13', '2022-02-15', b'1'),
(182, 1, 'M2', 'vacio', '18:55:06', '2022-03-02', b'0'),
(183, 1, 'M1', 'vacio', '20:42:42', '2022-03-03', b'0'),
(184, 2, 'sadsad', 'sdsdfs', '20:43:54', '2022-03-03', b'1'),
(185, 1, '', 'vacio', '20:46:43', '2022-03-03', b'0'),
(186, 1, 'M2', 'vacio', '20:59:26', '2022-03-03', b'0');

-- --------------------------------------------------------

--
-- Table structure for table `envio`
--

DROP TABLE IF EXISTS `envio`;
CREATE TABLE IF NOT EXISTS `envio` (
  `en_id_envio` int(11) NOT NULL AUTO_INCREMENT,
  `env_costo` mediumint(4) NOT NULL,
  PRIMARY KEY (`en_id_envio`)
) ENGINE=MyISAM DEFAULT CHARSET=utf8;

-- --------------------------------------------------------

--
-- Table structure for table `gastos`
--

DROP TABLE IF EXISTS `gastos`;
CREATE TABLE IF NOT EXISTS `gastos` (
  `gas_id_gasto` int(11) NOT NULL AUTO_INCREMENT,
  `gas_concepto` varchar(35) NOT NULL,
  `gas_proveedor` varchar(35) NOT NULL,
  `gas_frecuencia` varchar(20) NOT NULL,
  `gas_costo` int(11) NOT NULL,
  `gas_fecha` date NOT NULL,
  PRIMARY KEY (`gas_id_gasto`)
) ENGINE=MyISAM AUTO_INCREMENT=9 DEFAULT CHARSET=utf8;

--
-- Dumping data for table `gastos`
--

INSERT INTO `gastos` (`gas_id_gasto`, `gas_concepto`, `gas_proveedor`, `gas_frecuencia`, `gas_costo`, `gas_fecha`) VALUES
(4, 'tostadas', 'fhfhf', 'Semanal', 1200, '2022-01-29'),
(6, 'HIELO', 'ESQUINA', 'No especificar', 100, '2022-02-13'),
(7, 'Crema', 'crema', 'Semanal', 200, '2022-02-15'),
(8, 'Renta', 'Alonso', 'Mensual', 1800, '2022-03-02');

-- --------------------------------------------------------

--
-- Table structure for table `his_clientes`
--

DROP TABLE IF EXISTS `his_clientes`;
CREATE TABLE IF NOT EXISTS `his_clientes` (
  `hisc_id_histoClientes` int(11) NOT NULL,
  `consumo` smallint(3) NOT NULL,
  `lugar` varchar(50) NOT NULL,
  `total` int(10) NOT NULL,
  `envio` int(5) NOT NULL,
  `hora` time NOT NULL,
  `fecha` date NOT NULL,
  PRIMARY KEY (`hisc_id_histoClientes`)
) ENGINE=MyISAM DEFAULT CHARSET=utf8;

--
-- Dumping data for table `his_clientes`
--

INSERT INTO `his_clientes` (`hisc_id_histoClientes`, `consumo`, `lugar`, `total`, `envio`, `hora`, `fecha`) VALUES
(3, 2, 'anonimo', 120, 0, '12:48:10', '2022-01-29'),
(4, 3, 'Aquiles serdan #200', 160, 0, '13:34:36', '2022-01-29'),
(7, 2, 'm1', 295, 0, '14:37:43', '2022-01-29'),
(6, 3, 'colon #96', 120, 0, '14:03:15', '2022-01-29'),
(10, 1, 'M4', 330, 0, '14:58:37', '2022-01-29'),
(8, 1, 'M3', 135, 0, '14:40:53', '2022-01-29'),
(9, 3, 'Aquiles Serdan #80', 450, 0, '14:41:54', '2022-01-29'),
(15, 1, 'M1', 770, 0, '11:20:56', '2022-02-07'),
(17, 3, 'Avila Camacho # 20', 99, 0, '11:30:08', '2022-02-07'),
(18, 3, 'Servicios medicos', 160, 0, '12:41:58', '2022-02-07'),
(19, 3, 'servicios medicos', 100, 0, '13:25:55', '2022-02-07'),
(20, 3, 'servicios medicos', 140, 0, '14:02:17', '2022-02-07'),
(21, 1, 'M3', 190, 0, '14:18:21', '2022-02-07'),
(22, 3, 'Felix torres #1', 150, 0, '14:28:13', '2022-02-07'),
(16, 1, 'M2', 0, 0, '11:27:02', '2022-02-07'),
(23, 3, 'Bustamante #100', 150, 0, '13:41:24', '2022-02-08'),
(24, 1, 'T1', 175, 0, '13:57:40', '2022-02-08'),
(25, 3, 'Narciso martines #21', 120, 0, '14:01:58', '2022-02-08'),
(26, 1, 'M1', 355, 0, '14:42:44', '2022-02-08'),
(28, 3, 'Jose Pasarin #35', 710, 0, '15:10:33', '2022-02-08'),
(27, 1, 'T1', 930, 0, '14:51:03', '2022-02-08'),
(29, 1, 'M3', 305, 0, '15:25:58', '2022-02-08'),
(32, 1, 'M6', 310, 0, '16:28:04', '2022-02-08'),
(30, 1, 'M4', 340, 0, '16:05:19', '2022-02-08'),
(31, 3, 'Cuauhtemoc #119', 140, 0, '16:09:46', '2022-02-08'),
(33, 1, 'T1', 509, 0, '16:33:57', '2022-02-08'),
(35, 1, 'T1', 970, 0, '17:39:20', '2022-02-08'),
(37, 1, 'T2', 385, 0, '10:51:52', '2022-02-10'),
(38, 3, 'Samuel ', 240, 0, '11:23:56', '2022-02-10'),
(39, 1, 'M3', 735, 0, '11:58:38', '2022-02-10'),
(40, 1, 'M6', 695, 0, '14:01:02', '2022-02-10'),
(43, 1, 'T1', 665, 0, '15:33:12', '2022-02-10'),
(41, 1, 'M2', 890, 0, '15:04:15', '2022-02-10'),
(46, 2, 'm8', 245, 0, '16:27:01', '2022-02-10'),
(42, 1, 'M4', 365, 0, '15:17:23', '2022-02-10'),
(45, 1, 'T3', 310, 0, '16:17:16', '2022-02-10'),
(47, 2, 'pasan', 640, 0, '16:39:42', '2022-02-10'),
(55, 3, 'cavadas yiyo', 70, 0, '10:10:40', '2022-02-11'),
(58, 3, 'galeana #15', 260, 0, '11:36:08', '2022-02-11'),
(59, 1, 'T3', 250, 0, '12:10:34', '2022-02-11'),
(60, 3, 'xicotencatl #87', 260, 0, '12:12:45', '2022-02-11'),
(63, 1, 'M8', 525, 0, '13:31:54', '2022-02-11'),
(61, 1, 'T1', 880, 0, '13:05:42', '2022-02-11'),
(62, 1, 'M3', 235, 0, '13:12:11', '2022-02-11'),
(64, 1, 'M1', 460, 0, '14:24:24', '2022-02-11'),
(66, 2, 'm8', 70, 0, '16:22:25', '2022-02-11'),
(67, 3, 'espaldas de polideportivo ', 280, 0, '16:57:16', '2022-02-11'),
(68, 2, 'pasan', 255, 0, '17:10:10', '2022-02-11'),
(69, 1, 'M1', 360, 0, '11:21:46', '2022-02-12'),
(72, 3, 'ramon corona #156', 135, 0, '14:06:21', '2022-02-12'),
(74, 2, 'Muchacha', 140, 0, '14:19:45', '2022-02-12'),
(71, 3, 'prol. juarez # 370 porton blanco', 155, 0, '13:59:54', '2022-02-12'),
(79, 1, 'M7', 1155, 0, '00:01:55', '2022-02-12'),
(77, 3, 'Degollado #126', 815, 0, '14:39:33', '2022-02-12'),
(81, 1, 'M7', 65, 0, '16:39:29', '2022-02-12'),
(76, 1, 'M3', 2250, 0, '00:02:50', '2022-02-12'),
(82, 3, 'jose maria martinez #24', 270, 0, '17:18:13', '2022-02-12'),
(89, 1, 'M3', 330, 0, '18:14:19', '2022-02-12'),
(96, 1, 'M2', 615, 0, '09:59:44', '2022-02-13'),
(100, 1, 'M3', 455, 0, '10:44:46', '2022-02-13'),
(101, 1, 'M2', 355, 0, '11:04:48', '2022-02-13'),
(104, 1, 'M2', 605, 0, '11:34:33', '2022-02-13'),
(110, 1, 'M1', 665, 0, '12:59:41', '2022-02-13'),
(108, 3, 'JUAN ALVAREZ 65', 450, 0, '12:50:40', '2022-02-13'),
(106, 1, 'M5', 1625, 0, '12:37:23', '2022-02-13'),
(107, 2, 'PASAN', 140, 0, '12:49:26', '2022-02-13'),
(105, 1, 'M2', 535, 0, '12:28:55', '2022-02-13'),
(109, 3, 'COLON 97', 300, 0, '12:59:22', '2022-02-13'),
(111, 1, 'M12', 190, 0, '13:14:07', '2022-02-13'),
(113, 3, 'ANDADOR EL COLORIN 11', 99, 21, '13:26:12', '2022-02-13'),
(114, 1, 'M15', 510, 0, '13:32:46', '2022-02-13'),
(117, 1, 'M3', 485, 0, '14:08:31', '2022-02-13'),
(126, 2, 'Daniela', 225, 0, '15:03:35', '2022-02-13'),
(119, 1, 'M8', 1560, 0, '14:10:26', '2022-02-13'),
(124, 1, 'M10', 1075, 0, '14:52:26', '2022-02-13'),
(122, 1, 'M13', 1360, 0, '14:33:26', '2022-02-13'),
(129, 3, 'Pasan ', 910, 0, '15:39:20', '2022-02-13'),
(130, 3, ' JESUS CORTEZ 9', 150, 0, '16:11:46', '2022-02-13'),
(121, 1, 'M1', 1710, 0, '14:27:37', '2022-02-13'),
(127, 1, 'M4', 390, 0, '15:20:21', '2022-02-13'),
(118, 1, 'M7', 3590, 0, '14:10:17', '2022-02-13'),
(120, 1, 'M11', 1470, 0, '14:23:42', '2022-02-13'),
(125, 1, 'M17', 1525, 0, '14:58:40', '2022-02-13'),
(116, 1, 'M5', 2125, 0, '13:56:06', '2022-02-13'),
(115, 1, 'M6', 4195, 0, '13:51:18', '2022-02-13'),
(131, 3, 'juan alvarez 85A', 420, 0, '17:06:35', '2022-02-13'),
(132, 3, 'ALDAMA 46', 315, 0, '17:10:39', '2022-02-13'),
(134, 1, 'M7', 125, 0, '17:34:57', '2022-02-13'),
(133, 1, 'M1', 955, 0, '17:25:18', '2022-02-13'),
(123, 1, 'M9', 1550, 0, '14:50:56', '2022-02-13'),
(135, 1, 'M5', 543, 0, '11:23:41', '2022-02-14'),
(136, 1, 'M1', 690, 0, '11:28:47', '2022-02-14'),
(138, 1, 'M1', 760, 0, '12:50:31', '2022-02-14'),
(139, 1, 'M2', 45, 0, '13:01:18', '2022-02-14'),
(141, 1, 'M3', 329, 0, '13:23:06', '2022-02-14'),
(142, 1, 'M6', 305, 0, '14:13:51', '2022-02-14'),
(140, 2, 'Jose Luis Ramirez ', 480, 0, '13:06:32', '2022-02-14'),
(144, 1, 'M8', 1185, 0, '14:19:44', '2022-02-14'),
(148, 1, 'M2', 620, 0, '14:48:59', '2022-02-14'),
(149, 1, 'M3', 440, 0, '14:50:08', '2022-02-14'),
(147, 1, 'M5', 665, 0, '14:48:21', '2022-02-14'),
(143, 1, 'M1', 390, 0, '14:16:38', '2022-02-14'),
(150, 1, 'M17', 520, 0, '16:35:21', '2022-02-14'),
(146, 1, 'M4', 1860, 0, '14:36:58', '2022-02-14'),
(145, 1, 'M9', 580, 0, '14:29:18', '2022-02-14'),
(151, 1, 'M8', 430, 0, '16:36:48', '2022-02-14'),
(158, 1, 'M5', 380, 0, '17:11:53', '2022-02-14'),
(153, 1, 'M2', 530, 0, '16:41:33', '2022-02-14'),
(155, 3, 'Manuel Bernal 12', 160, 0, '16:51:58', '2022-02-14'),
(157, 2, 'pasan', 240, 0, '16:59:00', '2022-02-14'),
(159, 1, 'M9', 425, 0, '17:14:34', '2022-02-14'),
(154, 1, 'M3', 600, 0, '16:49:30', '2022-02-14'),
(152, 1, 'M6', 490, 0, '16:37:18', '2022-02-14'),
(160, 3, 'Tienda sedena', 345, 0, '17:29:45', '2022-02-14'),
(164, 1, 'M4', 430, 0, '18:46:29', '2022-02-14'),
(163, 3, 'ricardo flores magon 97', 790, 0, '18:05:33', '2022-02-14'),
(156, 3, 'degollado 136', 330, 0, '16:53:34', '2022-02-14'),
(161, 1, 'M1', 500, 0, '17:36:29', '2022-02-14'),
(165, 1, 'M7', 1095, 0, '18:51:46', '2022-02-14'),
(166, 3, 'jose pasarin #29', 160, 0, '13:17:19', '2022-02-15'),
(168, 3, 'nigromante #24', 160, 0, '13:34:16', '2022-02-15'),
(167, 3, 'juarez #120 lavanderia', 130, 0, '13:33:04', '2022-02-15'),
(169, 3, 'imss', 160, 0, '14:21:01', '2022-02-15'),
(174, 1, 'M9', 365, 0, '14:29:49', '2022-02-15'),
(175, 3, 'juarez #245 en frente del seguro ', 140, 0, '14:34:13', '2022-02-15'),
(176, 3, 'xicotencatl #9 centro ', 255, 0, '14:35:39', '2022-02-15'),
(177, 1, 'M3', 290, 0, '15:23:59', '2022-02-15'),
(178, 3, 'juarez #53', 130, 0, '15:55:52', '2022-02-15');

--
-- Triggers `his_clientes`
--
DROP TRIGGER IF EXISTS `after_insert-his_clientes`;
DELIMITER $$
CREATE TRIGGER `after_insert-his_clientes` AFTER INSERT ON `his_clientes` FOR EACH ROW delete clientes from clientes 
 where new.hisc_id_histoClientes = clientes.cli_id_cliente
$$
DELIMITER ;

-- --------------------------------------------------------

--
-- Table structure for table `his_ventas`
--

DROP TABLE IF EXISTS `his_ventas`;
CREATE TABLE IF NOT EXISTS `his_ventas` (
  `hisv_id_histoVentas` int(11) NOT NULL,
  `categoria` varchar(25) NOT NULL,
  `producto` varchar(40) NOT NULL,
  `cantidad` mediumint(4) NOT NULL,
  `costo` mediumint(4) NOT NULL,
  `total` int(11) NOT NULL,
  `fecha` date NOT NULL,
  `tiempo_entrega` mediumint(8) NOT NULL,
  `hisc_id_histoClientes` int(11) NOT NULL,
  PRIMARY KEY (`hisv_id_histoVentas`),
  KEY `hisc_id_histoClientes` (`hisc_id_histoClientes`)
) ENGINE=MyISAM DEFAULT CHARSET=utf8;

--
-- Dumping data for table `his_ventas`
--

INSERT INTO `his_ventas` (`hisv_id_histoVentas`, `categoria`, `producto`, `cantidad`, `costo`, `total`, `fecha`, `tiempo_entrega`, `hisc_id_histoClientes`) VALUES
(3, 'Ceviche', 'Pescado', 1, 120, 120, '2022-01-29', 1, 3),
(7, 'Camarones', 'Orden mixta', 1, 160, 160, '2022-01-29', 11, 4),
(11, 'Bebidas', 'Negra modelo', 1, 35, 35, '2022-01-29', 4, 7),
(10, 'Ceviche', 'Camaron', 1, 140, 140, '2022-01-29', 4, 7),
(9, 'Ceviche', 'Pescado', 1, 120, 120, '2022-01-29', 5, 7),
(8, 'Ceviche', 'Pescado', 1, 120, 120, '2022-01-29', 14, 6),
(17, 'Bebidas', 'Micheladas', 1, 70, 70, '2022-01-29', 197, 10),
(16, 'Camarones', 'A la mantequilla', 2, 130, 260, '2022-01-29', 198, 10),
(12, 'Snacks', 'Alitas BBQ', 1, 100, 100, '2022-01-29', 215, 8),
(14, 'Bebidas', 'Victoria', 1, 35, 35, '2022-01-29', 214, 8),
(18, 'Camarones', 'A la diabla', 1, 130, 130, '2022-01-29', 6, 9),
(13, 'Especialidades', 'Camarones zarandeados', 1, 160, 160, '2022-01-29', 17, 9),
(15, 'Especialidades', 'Camarones zarandeados', 1, 160, 160, '2022-01-29', 16, 9),
(29, 'Snacks', 'Hamburguesa ', 3, 65, 195, '2022-02-07', 4, 15),
(27, 'Especialidades', 'Camarones a la cucaracha', 1, 160, 160, '2022-02-07', 5, 15),
(30, 'Snacks', 'Papas a la francesa', 1, 55, 55, '2022-02-07', 3, 15),
(28, 'Cocteles', 'Camaron mediano', 1, 95, 95, '2022-02-07', 4, 15),
(31, 'Bebidas', 'Micheladas', 2, 75, 150, '2022-02-07', 3, 15),
(32, 'Bebidas', 'Jarra limonada Nat', 1, 115, 115, '2022-02-07', 0, 15),
(34, 'Tacos', 'Taco gobernador de camaron', 1, 99, 99, '2022-02-07', 30, 17),
(44, 'Ceviche', 'Ceviche Pescado', 1, 160, 160, '2022-02-07', 15, 18),
(41, 'Bebidas', 'Modelo especial', 3, 35, 105, '2022-02-07', 0, 16),
(42, 'Camarones', 'Mariscada (6 personas)', 1, 770, 770, '2022-02-07', 0, 16),
(39, 'Bebidas', 'Modelo especial', 10, 35, 350, '2022-02-07', 1, 16),
(38, 'Ceviche', 'Ceviche Camaron', 1, 140, 140, '2022-02-07', 10, 16),
(37, 'Aguachiles', 'Varadero', 1, 140, 140, '2022-02-07', 10, 16),
(43, 'Bebidas', 'Modelo especial', 2, 35, 70, '2022-02-07', 0, 16),
(45, 'Ceviche', 'Ceviche Pescado', 1, 100, 100, '2022-02-07', 5, 19),
(46, 'Ceviche', 'Ceviche Camaron', 1, 140, 140, '2022-02-07', 9, 20),
(48, 'Bebidas', 'Limonada natural', 1, 30, 30, '2022-02-07', 5, 21),
(47, 'Fajitas', 'Arrachera', 1, 160, 160, '2022-02-07', 14, 21),
(49, 'Ceviche', 'Ceviche Perla negra', 1, 150, 150, '2022-02-07', 10, 22),
(50, 'Aguachiles', 'Verde especial', 1, 150, 150, '2022-02-08', 0, 23),
(51, 'Camarones', 'Empanizados', 1, 140, 140, '2022-02-08', 23, 24),
(52, 'Bebidas', 'Naranjada Mineral', 1, 35, 35, '2022-02-08', 23, 24),
(53, 'Ceviche', 'Ceviche Pescado', 1, 120, 120, '2022-02-08', 17, 25),
(59, 'Cocteles', 'Mixto mediano', 1, 110, 110, '2022-02-08', 9, 26),
(55, 'Bebidas', 'limonada mineral', 1, 35, 35, '2022-02-08', 8, 26),
(54, 'Bebidas', 'Negra modelo', 1, 35, 35, '2022-02-08', 8, 26),
(60, 'Tacos', 'Camaron capeado', 1, 105, 105, '2022-02-08', 8, 26),
(67, 'Bebidas', 'Negra modelo', 2, 35, 70, '2022-02-08', 0, 26),
(62, 'Camarones', 'Mariscada (6 personas)', 1, 710, 710, '2022-02-08', 46, 28),
(57, 'Ceviche', 'Ceviche Camaron', 1, 140, 140, '2022-02-08', 17, 27),
(58, 'Bebidas', 'Corona', 2, 35, 70, '2022-02-08', 0, 27),
(63, 'Camarones', 'A la diabla', 1, 130, 130, '2022-02-08', 14, 27),
(61, 'Bebidas', 'Corona', 2, 35, 70, '2022-02-08', 0, 27),
(65, 'Camarones', 'A la mantequilla', 1, 130, 130, '2022-02-08', 14, 27),
(66, 'Especialidades', 'Camarones al coco', 1, 160, 160, '2022-02-08', 25, 27),
(70, 'Especialidades', 'Camarones al ajillo', 1, 160, 160, '2022-02-08', 7, 27),
(74, 'Bebidas', 'Corona', 2, 35, 70, '2022-02-08', 1, 27),
(68, 'Bebidas', 'Corona', 1, 35, 35, '2022-02-08', 0, 29),
(69, 'Bebidas', 'Pina colada', 1, 70, 70, '2022-02-08', 0, 29),
(71, 'Camarones', 'Empanizados', 1, 140, 140, '2022-02-08', 15, 29),
(72, 'Tostadas', 'Pescado', 1, 30, 30, '2022-02-08', 15, 29),
(73, 'Bebidas', 'Naranjada Natural', 1, 30, 30, '2022-02-08', 0, 29),
(81, 'Camarones', 'A la diabla', 2, 130, 260, '2022-02-08', 1, 32),
(83, 'Bebidas', 'Coca', 1, 15, 15, '2022-02-08', 0, 32),
(82, 'Bebidas', 'limonada mineral', 1, 35, 35, '2022-02-08', 1, 32),
(78, 'Bebidas', 'agua natural ', 1, 10, 10, '2022-02-08', 17, 30),
(80, 'Bebidas', 'agua natural ', 1, 10, 10, '2022-02-08', 0, 30),
(77, 'Aguachiles', 'aguachile verde', 1, 140, 140, '2022-02-08', 17, 30),
(76, 'Cocteles', 'Sopa de mariscos ', 1, 180, 180, '2022-02-08', 21, 30),
(79, 'Ceviche', 'Ceviche Camaron', 1, 140, 140, '2022-02-08', 19, 31),
(89, 'Bebidas', 'Sprite', 1, 15, 15, '2022-02-08', 15, 33),
(90, 'Bebidas', 'Naranjada Mineral', 1, 35, 35, '2022-02-08', 14, 33),
(87, 'Tacos', 'Taco gobernador de camaron', 1, 99, 99, '2022-02-08', 16, 33),
(85, 'Infantiles', 'camarones al gusto ', 1, 80, 80, '2022-02-08', 20, 33),
(86, 'Filetes', 'Pollo empanizado', 1, 130, 130, '2022-02-08', 16, 33),
(84, 'Filetes', 'A la plancha', 1, 120, 120, '2022-02-08', 17, 33),
(91, 'Bebidas', 'Horchata', 1, 30, 30, '2022-02-08', 14, 33),
(100, 'Bebidas', 'Corona', 3, 35, 105, '2022-02-08', 1, 35),
(98, 'Especialidades', 'Camarones a la cucaracha', 1, 160, 160, '2022-02-08', 19, 35),
(99, 'Camarones', 'A la diabla', 1, 130, 130, '2022-02-08', 8, 35),
(93, 'Bebidas', 'Micheladas', 1, 75, 75, '2022-02-08', 23, 35),
(94, 'Aguachiles', 'Especial (Rojo)', 1, 135, 135, '2022-02-08', 19, 35),
(95, 'Camarones', 'A la mantequilla', 1, 130, 130, '2022-02-08', 19, 35),
(96, 'Camarones', 'A la diabla', 1, 130, 130, '2022-02-08', 19, 35),
(92, 'Bebidas', 'Corona', 3, 35, 105, '2022-02-08', 23, 35),
(102, 'Bebidas', 'Modelo especial', 2, 35, 70, '2022-02-10', 0, 37),
(105, 'Bebidas', 'Modelo especial', 1, 35, 35, '2022-02-10', 0, 37),
(101, 'Camarones', 'Empanizados', 2, 140, 280, '2022-02-10', 31, 37),
(104, 'Especialidades', 'Camarones Bufalo', 1, 240, 240, '2022-02-10', 25, 38),
(111, 'Snacks', 'Hamburguesa c/papas', 3, 90, 270, '2022-02-10', 15, 39),
(110, 'Bebidas', 'Negra modelo', 1, 35, 35, '2022-02-10', 0, 39),
(107, 'Especialidades', 'Camaranes crema chipotle', 1, 160, 160, '2022-02-10', 0, 39),
(108, 'Bebidas', 'Negra modelo', 1, 35, 35, '2022-02-10', 0, 39),
(109, 'Bebidas', 'Micheladas', 1, 75, 75, '2022-02-10', 0, 39),
(106, 'Especialidades', 'Camarones Zarandeados', 1, 160, 160, '2022-02-10', 0, 39),
(117, 'Bebidas', 'Modelo especial', 1, 35, 35, '2022-02-10', 43, 40),
(116, 'Bebidas', 'Negra modelo', 1, 35, 35, '2022-02-10', 43, 40),
(115, 'Ceviche', 'Ceviche Camaron', 1, 140, 140, '2022-02-10', 12, 40),
(114, 'Bebidas', 'Modelo especial', 1, 35, 35, '2022-02-10', 0, 40),
(113, 'Bebidas', 'Negra modelo', 1, 35, 35, '2022-02-10', 0, 40),
(112, 'Cocteles', 'Sopa de mariscos ', 2, 180, 360, '2022-02-10', 31, 40),
(133, 'Bebidas', 'licor 43 shot', 1, 55, 55, '2022-02-10', 0, 40),
(136, 'Ceviche', 'Ceviche Camaron', 1, 140, 140, '2022-02-10', 0, 43),
(128, 'Camarones', 'Empanizados', 1, 140, 140, '2022-02-10', 15, 43),
(129, 'Camarones', 'A la diabla', 1, 130, 130, '2022-02-10', 15, 43),
(130, 'Especialidades', 'Camarones al ajillo', 1, 160, 160, '2022-02-10', 14, 43),
(131, 'Bebidas', 'Horchata', 2, 30, 60, '2022-02-10', 10, 43),
(132, 'Bebidas', 'limonada mineral', 1, 35, 35, '2022-02-10', 10, 43),
(122, 'Tostadas', 'Camaron', 2, 35, 70, '2022-02-10', 15, 41),
(121, 'Bebidas', 'Micheladas', 2, 75, 150, '2022-02-10', 0, 41),
(119, 'Especialidades', 'Camarones al ajillo', 1, 160, 160, '2022-02-10', 16, 41),
(120, 'Bebidas', 'Horchata', 1, 30, 30, '2022-02-10', 0, 41),
(118, 'Camarones', 'orden mixta', 2, 160, 320, '2022-02-10', 28, 41),
(135, 'Camarones', 'A la diabla', 1, 130, 130, '2022-02-10', 4, 41),
(134, 'Bebidas', 'Horchata', 1, 30, 30, '2022-02-10', 4, 41),
(144, 'Ceviche', 'Ceviche Pescado', 1, 120, 120, '2022-02-10', 0, 46),
(145, 'Cocteles', 'Camaron Grande', 1, 125, 125, '2022-02-10', 0, 46),
(124, 'Bebidas', 'agua mineral', 1, 15, 15, '2022-02-10', 14, 42),
(123, 'Bebidas', 'Sprite', 1, 15, 15, '2022-02-10', 15, 42),
(125, 'Camarones', 'Empanizados', 1, 140, 140, '2022-02-10', 14, 42),
(126, 'Especialidades', 'Camarones imperial', 1, 160, 160, '2022-02-10', 14, 42),
(127, 'Bebidas', 'manzanita', 1, 15, 15, '2022-02-10', 14, 42),
(137, 'Bebidas', 'agua natural ', 2, 10, 20, '2022-02-10', 0, 42),
(143, 'Bebidas', 'Coca', 1, 15, 15, '2022-02-10', 0, 45),
(142, 'Bebidas', 'Victoria', 1, 35, 35, '2022-02-10', 0, 45),
(141, 'Filetes', 'A la plancha', 1, 120, 120, '2022-02-10', 1, 45),
(140, 'Camarones', 'Empanizados', 1, 140, 140, '2022-02-10', 0, 45),
(148, 'Especialidades', 'Camarones imperial', 2, 160, 320, '2022-02-10', 19, 47),
(147, 'Especialidades', 'Camarones a la cucaracha', 1, 160, 160, '2022-02-10', 19, 47),
(146, 'Especialidades', 'Camarones a la philadelphia', 1, 160, 160, '2022-02-10', 19, 47),
(308, 'Ceviche', '1/2 ceviche camaron', 1, 70, 70, '2022-02-11', 2, 55),
(326, 'Filetes', 'Empanizado', 2, 130, 260, '2022-02-11', 22, 58),
(331, 'Bebidas', 'Heineken', 1, 35, 35, '2022-02-11', 0, 59),
(328, 'Bebidas', 'Heineken', 1, 35, 35, '2022-02-11', 0, 59),
(327, 'Especialidades', 'Sopa de mariscos ', 1, 180, 180, '2022-02-11', 15, 59),
(330, 'Ceviche', 'Ceviche Pescado', 1, 120, 120, '2022-02-11', 21, 60),
(329, 'Ceviche', 'Ceviche Camaron', 1, 140, 140, '2022-02-11', 21, 60),
(348, 'Postre', 'Brownies', 2, 25, 50, '2022-02-11', 0, 63),
(347, 'Bebidas', 'manzanita', 1, 15, 15, '2022-02-11', 0, 63),
(345, 'Especialidades', 'Pescado zarandeado', 1, 340, 340, '2022-02-11', 15, 63),
(341, 'Tacos', 'Orden 3 Camaron capeado', 1, 105, 105, '2022-02-11', 13, 63),
(346, 'Bebidas', 'Coca', 1, 15, 15, '2022-02-11', 0, 63),
(338, 'Bebidas', 'Naranjada Natural', 1, 30, 30, '2022-02-11', 22, 61),
(337, 'Bebidas', 'Pina colada', 2, 70, 140, '2022-02-11', 23, 61),
(336, 'Bebidas', 'Naranjada Natural', 2, 30, 60, '2022-02-11', 24, 61),
(332, 'Tostadas', 'Camaron', 1, 35, 35, '2022-02-11', 25, 61),
(333, 'Especialidades', 'Camarones al coco', 2, 160, 320, '2022-02-11', 25, 61),
(334, 'Aguachiles', 'Especial (Rojo)', 1, 135, 135, '2022-02-11', 25, 61),
(335, 'Especialidades', 'Camarones a la philadelphia', 1, 160, 160, '2022-02-11', 24, 61),
(344, 'Especialidades', 'Camarones a la philadelphia', 1, 160, 160, '2022-02-11', 11, 62),
(342, 'Bebidas', 'Micheladas', 1, 75, 75, '2022-02-11', 12, 62),
(350, 'Bebidas', 'Jarra limonada Nat', 1, 60, 60, '2022-02-11', 0, 64),
(349, 'Especialidades', 'Huachinango', 1, 400, 400, '2022-02-11', 7, 64),
(352, 'Ceviche', '1/2 ceviche camaron', 1, 70, 70, '2022-02-11', 5, 66),
(353, 'Ceviche', 'Ceviche Camaron', 2, 140, 280, '2022-02-11', 5, 67),
(354, 'Especialidades', 'Molcajete Mixto', 1, 180, 180, '2022-02-11', 54, 68),
(355, 'Bebidas', 'Micheladas', 1, 75, 75, '2022-02-11', 53, 68),
(356, 'Bebidas', 'Limonada natural', 1, 30, 30, '2022-02-12', 5, 69),
(357, 'Especialidades', 'Camarones a la philadelphia', 1, 160, 160, '2022-02-12', 13, 69),
(358, 'Camarones', 'Empanizados', 1, 140, 140, '2022-02-12', 15, 69),
(359, 'Bebidas', 'Horchata', 1, 30, 30, '2022-02-12', 1, 69),
(372, 'Bebidas', 'Horchata', 1, 30, 30, '2022-02-12', 25, 72),
(371, 'Tacos', 'Orden 3 Camaron capeado', 1, 105, 105, '2022-02-12', 25, 72),
(374, 'Ceviche', 'Ceviche Camaron', 1, 140, 140, '2022-02-12', 21, 74),
(369, 'Bebidas', 'Naranjada Natural', 1, 30, 30, '2022-02-12', 11, 71),
(370, 'Cocteles', 'Camaron Grande', 1, 125, 125, '2022-02-12', 11, 71),
(430, 'Licores', 'centenario reposado copa', 1, 65, 65, '2022-02-12', 5, 79),
(423, 'Mariscadas', 'aderezo extra', 1, 15, 15, '2022-02-12', 0, 79),
(407, 'Licores', 'centenario reposado copa', 1, 65, 65, '2022-02-12', 0, 79),
(405, 'Bebidas', 'Corona', 1, 35, 35, '2022-02-12', 0, 79),
(400, 'Especialidades', 'Huachinango', 1, 280, 280, '2022-02-12', 27, 79),
(398, 'Bebidas', 'Naranjada Natural', 1, 30, 30, '2022-02-12', 10, 79),
(397, 'Camarones', 'Empanizados', 1, 160, 160, '2022-02-12', 16, 79),
(396, 'Bebidas', 'Micheladas', 1, 75, 75, '2022-02-12', 11, 79),
(395, 'Especialidad fría', 'Torre Varadero', 1, 170, 170, '2022-02-12', 16, 79),
(393, 'Especialidades', 'Camarones Bufalo', 1, 160, 160, '2022-02-12', 23, 79),
(394, 'Bebidas', 'Naranjada Mineral', 1, 35, 35, '2022-02-12', 12, 79),
(392, 'Licores', 'centenario reposado copa', 1, 65, 65, '2022-02-12', 0, 79),
(387, 'Ceviche', 'Ceviche Pescado', 1, 120, 120, '2022-02-12', 22, 77),
(386, 'Ceviche', 'Ceviche Camaron', 1, 140, 140, '2022-02-12', 22, 77),
(385, 'Especialidades', 'pulpo al ajillo ', 1, 180, 180, '2022-02-12', 22, 77),
(382, 'Cocteles', 'Camaron Grande', 3, 125, 375, '2022-02-12', 24, 77),
(437, 'Licores', 'centenario reposado copa', 1, 65, 65, '2022-02-12', 1, 81),
(433, 'Bebidas', 'Modelo especial', 1, 35, 35, '2022-02-12', 0, 76),
(432, 'Bebidas', 'Modelo especial', 1, 35, 35, '2022-02-12', 5, 76),
(431, 'Licores', 'maestro dobel copa', 2, 100, 200, '2022-02-12', 6, 76),
(426, 'Bebidas', 'Modelo especial', 1, 35, 35, '2022-02-12', 0, 76),
(425, 'Licores', 'maestro dobel copa', 2, 100, 200, '2022-02-12', 7, 76),
(424, 'Licores', 'centenario reposado copa', 1, 65, 65, '2022-02-12', 4, 76),
(420, 'Bebidas', 'agua mineral', 1, 15, 15, '2022-02-12', 2, 76),
(419, 'Bebidas', 'Coca', 1, 15, 15, '2022-02-12', 2, 76),
(418, 'Licores', 'maestro dobel copa', 1, 100, 100, '2022-02-12', 3, 76),
(417, 'Tostadas', 'Camaron', 1, 35, 35, '2022-02-12', 7, 76),
(416, 'Tostadas', 'Pescado', 1, 30, 30, '2022-02-12', 7, 76),
(415, 'Bebidas', 'Corona', 1, 35, 35, '2022-02-12', 0, 76),
(406, 'Bebidas', 'Modelo especial', 1, 35, 35, '2022-02-12', 0, 76),
(436, 'Bebidas', 'Sprite', 1, 15, 15, '2022-02-12', 7, 76),
(435, 'Bebidas', 'agua mineral', 1, 15, 15, '2022-02-12', 7, 76),
(384, 'Cocteles', 'Camaron Grande', 1, 125, 125, '2022-02-12', 4, 76),
(383, 'Bebidas', 'Micheladas', 1, 75, 75, '2022-02-12', 5, 76),
(376, 'Bebidas', 'Fresada c/alcohol', 2, 75, 150, '2022-02-12', 2, 76),
(377, 'Bebidas', 'Modelo especial', 2, 35, 70, '2022-02-12', 2, 76),
(378, 'Bebidas', 'Coca', 1, 15, 15, '2022-02-12', 2, 76),
(379, 'Bebidas', 'Sprite', 1, 15, 15, '2022-02-12', 2, 76),
(380, 'Bebidas', 'mojito ', 1, 60, 60, '2022-02-12', 9, 76),
(381, 'Mariscadas', 'Mariscada (4 personas)', 1, 500, 500, '2022-02-12', 8, 76),
(388, 'Bebidas', 'Modelo especial', 1, 35, 35, '2022-02-12', 1, 76),
(391, 'Aguachiles', 'aguachile verde', 1, 140, 140, '2022-02-12', 16, 76),
(434, 'Licores', 'maestro dobel copa', 2, 100, 200, '2022-02-12', 7, 76),
(429, 'Bebidas', 'Victoria', 1, 35, 35, '2022-02-12', 4, 80),
(428, 'Bebidas', 'Micheladas', 1, 75, 75, '2022-02-12', 7, 80),
(427, 'Bebidas', 'manzanita', 2, 15, 30, '2022-02-12', 1, 80),
(422, 'Bebidas', 'Limonada natural', 1, 30, 30, '2022-02-12', 3, 80),
(421, 'Bebidas', 'Victoria', 1, 35, 35, '2022-02-12', 0, 80),
(414, 'Snacks', 'Hamburguesa c/papas', 1, 90, 90, '2022-02-12', 20, 80),
(413, 'Bebidas', 'Micheladas', 2, 75, 150, '2022-02-12', 11, 80),
(412, 'Tostadas', 'Camaron', 1, 35, 35, '2022-02-12', 12, 80),
(411, 'Camarones', 'A la diabla', 1, 130, 130, '2022-02-12', 18, 80),
(410, 'Bebidas', 'Horchata', 1, 30, 30, '2022-02-12', 13, 80),
(409, 'Tostadas', 'Camaron', 1, 35, 35, '2022-02-12', 13, 80),
(408, 'Camarones', 'A la mantequilla', 1, 130, 130, '2022-02-12', 23, 80),
(404, 'Especialidades', 'Molcajete Mixto', 1, 180, 180, '2022-02-12', 18, 80),
(403, 'Camarones', 'A la diabla', 1, 130, 130, '2022-02-12', 21, 80),
(402, 'Bebidas', 'Coca', 1, 15, 15, '2022-02-12', 1, 80),
(401, 'Bebidas', 'Victoria', 1, 35, 35, '2022-02-12', 1, 80),
(438, 'Ceviche', '1/2 ceviche camaron', 1, 70, 70, '2022-02-12', 20, 82),
(439, 'Ceviche', '1/2 ceviche pescado', 1, 60, 60, '2022-02-12', 20, 82),
(440, 'Aguachiles', 'aguachile verde', 1, 140, 140, '2022-02-12', 20, 82),
(451, 'Bebidas', 'Coca', 1, 15, 15, '2022-02-12', 0, 89),
(449, 'Cocteles', 'Mixto Grande', 2, 140, 280, '2022-02-12', 1, 89),
(450, 'Bebidas', 'Corona', 1, 35, 35, '2022-02-12', 0, 89),
(472, 'Especialidades', 'Camarones imperial', 1, 160, 160, '2022-02-13', 26, 96),
(471, 'Especialidades', 'Camarones al tamarindo', 1, 160, 160, '2022-02-13', 26, 96),
(473, 'Snacks', 'Alitas BBQ', 2, 100, 200, '2022-02-13', 25, 96),
(474, 'Bebidas', 'cafe', 3, 20, 60, '2022-02-13', 4, 96),
(475, 'Bebidas', 'Coca', 1, 15, 15, '2022-02-13', 4, 96),
(476, 'Bebidas', 'cafe', 1, 20, 20, '2022-02-13', 0, 96),
(485, 'Especialidades', 'Molcajete Mixto', 1, 180, 180, '2022-02-13', 15, 100),
(484, 'Cocteles', 'Camaron Grande', 1, 125, 125, '2022-02-13', 17, 100),
(483, 'Bebidas', 'Micheladas', 2, 75, 150, '2022-02-13', 10, 100),
(494, 'Bebidas', 'Limonada natural', 1, 30, 30, '2022-02-13', 0, 101),
(499, 'Bebidas', 'Micheladas', 1, 75, 75, '2022-02-13', 0, 101),
(492, 'Cocteles', 'Camaron Grande', 2, 125, 250, '2022-02-13', 1, 101),
(504, 'Bebidas', 'Naranjada Natural', 1, 30, 30, '2022-02-13', 2, 104),
(503, 'Bebidas', 'Micheladas', 2, 75, 150, '2022-02-13', 5, 104),
(502, 'Cocteles', 'Camaron Grande', 1, 125, 125, '2022-02-13', 13, 104),
(501, 'Aguachiles', 'Verde especial', 1, 150, 150, '2022-02-13', 10, 104),
(500, 'Aguachiles', 'Verde especial', 1, 150, 150, '2022-02-13', 10, 104),
(529, 'Aguachiles', 'Varadero', 1, 140, 140, '2022-02-13', 6, 110),
(530, 'Aguachiles', 'aguachile verde', 1, 140, 140, '2022-02-13', 6, 110),
(528, 'Especialidades', 'Camarones imperial', 1, 160, 160, '2022-02-13', 9, 110),
(527, 'Bebidas', 'Micheladas', 3, 75, 225, '2022-02-13', 14, 110),
(522, 'Camarones', 'Empanizados', 1, 160, 160, '2022-02-13', 9, 108),
(523, 'Especialidades', 'Camarones imperial', 1, 160, 160, '2022-02-13', 8, 108),
(524, 'Camarones', 'A la diabla', 1, 130, 130, '2022-02-13', 6, 108),
(541, 'Camarones', 'A la diabla', 3, 130, 390, '2022-02-13', 1, 106),
(537, 'Bebidas', 'Modelo especial', 1, 35, 35, '2022-02-13', 0, 106),
(520, 'Cocteles', 'Camaron mediano', 1, 95, 95, '2022-02-13', 3, 106),
(518, 'Bebidas', 'Sprite', 1, 15, 15, '2022-02-13', 1, 106),
(519, 'Bebidas', 'Coca', 1, 15, 15, '2022-02-13', 0, 106),
(517, 'Bebidas', 'Sprite', 1, 15, 15, '2022-02-13', 0, 106),
(515, 'Bebidas', 'Modelo especial', 1, 35, 35, '2022-02-13', 1, 106),
(516, 'Bebidas', 'Jarra Horchata', 1, 110, 110, '2022-02-13', 4, 106),
(514, 'Licores', 'centenario anejo copa', 1, 95, 95, '2022-02-13', 8, 106),
(513, 'Camarones', 'Empanizados', 1, 160, 160, '2022-02-13', 13, 106),
(511, 'Aguachiles', 'aguachile verde', 1, 140, 140, '2022-02-13', 10, 106),
(512, 'Camarones', 'A la diabla', 4, 130, 520, '2022-02-13', 15, 106),
(521, 'Ceviche', 'Ceviche Camaron', 1, 140, 140, '2022-02-13', 8, 107),
(532, 'Extras', 'aderezo', 1, 15, 15, '2022-02-13', 0, 105),
(510, 'Bebidas', 'Ultra', 1, 35, 35, '2022-02-13', 2, 105),
(509, 'Bebidas', 'Limonada natural', 2, 30, 60, '2022-02-13', 7, 105),
(508, 'Bebidas', 'Micheladas', 1, 75, 75, '2022-02-13', 8, 105),
(507, 'Cocteles', 'Camaron mediano', 1, 95, 95, '2022-02-13', 8, 105),
(506, 'Aguachiles', 'Especial (Rojo)', 1, 135, 135, '2022-02-13', 12, 105),
(505, 'Ceviche', 'Ceviche Pescado', 1, 120, 120, '2022-02-13', 9, 105),
(526, 'Camarones', 'Empanizados', 1, 160, 160, '2022-02-13', 7, 109),
(525, 'Ceviche', 'Ceviche Camaron', 1, 140, 140, '2022-02-13', 31, 109),
(533, 'Tostadas', 'Camaron', 2, 35, 70, '2022-02-13', 2, 111),
(534, 'Tacos', 'Taco pescado', 1, 35, 35, '2022-02-13', 5, 111),
(535, 'Bebidas', 'Naranjada Mineral', 1, 35, 35, '2022-02-13', 5, 111),
(536, 'Bebidas', 'limonada mineral', 1, 35, 35, '2022-02-13', 5, 111),
(538, 'Extras', 'aderezo', 1, 15, 15, '2022-02-13', 0, 111),
(540, 'Tacos', 'Orden 3 Taco gobernador de camaron', 1, 99, 99, '2022-02-13', 12, 113),
(547, 'Extras', 'aderezo', 1, 15, 15, '2022-02-13', 0, 114),
(542, 'Camarones', 'orden mixta', 1, 160, 160, '2022-02-13', 7, 114),
(544, 'Bebidas', 'Naranjada Natural', 1, 30, 30, '2022-02-13', 7, 114),
(543, 'Camarones', 'Al mojo de ajo', 1, 130, 130, '2022-02-13', 6, 114),
(546, 'Ceviche', 'Ceviche Camaron', 1, 140, 140, '2022-02-13', 4, 114),
(545, 'Bebidas', 'Naranjada Mineral', 1, 35, 35, '2022-02-13', 3, 114),
(575, 'Extras', 'aderezo', 1, 15, 15, '2022-02-13', 0, 117),
(560, 'Especialidades', 'Camarones a la cucaracha', 1, 160, 160, '2022-02-13', 7, 117),
(557, 'Camarones', 'A la diabla', 1, 130, 130, '2022-02-13', 3, 117),
(558, 'Bebidas', 'Limonada natural', 1, 30, 30, '2022-02-13', 32, 117),
(559, 'Bebidas', 'Micheladas', 2, 75, 150, '2022-02-13', 12, 117),
(664, 'Bebidas', 'Fanta ', 1, 15, 15, '2022-02-13', 0, 126),
(663, 'Bebidas', 'Negra modelo', 2, 35, 70, '2022-02-13', 0, 126),
(655, 'Ceviche', 'Ceviche Camaron', 1, 140, 140, '2022-02-13', 8, 126),
(574, 'Filetes', 'Empanizado', 1, 130, 130, '2022-02-13', 8, 119),
(576, 'Camarones', 'orden mixta', 1, 160, 160, '2022-02-13', 6, 119),
(577, 'Camarones', 'A la mantequilla', 1, 130, 130, '2022-02-13', 2, 119),
(573, 'Cocteles', 'Camaron mediano', 1, 95, 95, '2022-02-13', 4, 119),
(572, 'Especialidades', 'Camarones imperial', 1, 160, 160, '2022-02-13', 6, 119),
(571, 'Camarones', 'A la mantequilla', 1, 130, 130, '2022-02-13', 2, 119),
(570, 'Camarones', 'A la diabla', 1, 130, 130, '2022-02-13', 2, 119),
(568, 'Bebidas', 'Naranjada Natural', 1, 30, 30, '2022-02-13', 15, 119),
(567, 'Bebidas', 'limonada mineral', 1, 35, 35, '2022-02-13', 16, 119),
(564, 'Bebidas', 'Horchata', 1, 30, 30, '2022-02-13', 16, 119),
(563, 'Bebidas', 'Naranjada Natural', 1, 30, 30, '2022-02-13', 17, 119),
(566, 'Bebidas', 'Micheladas', 2, 75, 150, '2022-02-13', 15, 119),
(562, 'Bebidas', 'Micheladas', 1, 75, 75, '2022-02-13', 6, 119),
(680, 'Licores', 'licor baileys copa', 2, 60, 120, '2022-02-13', 8, 119),
(684, 'Bebidas', 'Pinada', 1, 50, 50, '2022-02-13', 10, 119),
(685, 'Bebidas', 'Negra modelo', 3, 35, 105, '2022-02-13', 1, 119),
(625, 'Filetes', 'Empanizado', 1, 130, 130, '2022-02-13', 18, 124),
(626, 'Camarones', 'Empanizados', 1, 160, 160, '2022-02-13', 20, 124),
(627, 'Filetes', 'A la mexicana', 1, 120, 120, '2022-02-13', 25, 124),
(629, 'Bebidas', 'Coca', 1, 15, 15, '2022-02-13', 4, 124),
(631, 'Bebidas', 'Negra modelo', 1, 35, 35, '2022-02-13', 4, 124),
(644, 'Bebidas', 'Coca', 1, 15, 15, '2022-02-13', 0, 124),
(693, 'Bebidas', 'Negra modelo', 1, 35, 35, '2022-02-13', 0, 124),
(717, 'Camarones', 'A la diabla', 1, 130, 130, '2022-02-13', 18, 124),
(718, 'Camarones', 'Empanizados', 1, 160, 160, '2022-02-13', 17, 124),
(719, 'Filetes', 'A la plancha', 1, 120, 120, '2022-02-13', 36, 124),
(721, 'Bebidas', 'mojito ', 1, 60, 60, '2022-02-13', 7, 124),
(722, 'Bebidas', 'Naranjada Mineral', 1, 35, 35, '2022-02-13', 3, 124),
(723, 'Bebidas', 'agua natural ', 1, 10, 10, '2022-02-13', 3, 124),
(743, 'Bebidas', 'agua mineral', 1, 15, 15, '2022-02-13', 0, 124),
(756, 'Bebidas', 'Negra modelo', 1, 35, 35, '2022-02-13', 0, 124),
(593, 'Bebidas', 'Micheladas', 1, 75, 75, '2022-02-13', 8, 122),
(594, 'Bebidas', 'Jarra naranjada Min', 1, 120, 120, '2022-02-13', 18, 122),
(615, 'Aguachiles', 'aguachile verde', 1, 140, 140, '2022-02-13', 11, 122),
(618, 'Bebidas', 'MICHELADA CON ELECCION', 1, 85, 85, '2022-02-13', 6, 122),
(619, 'Bebidas', 'limonada mineral', 1, 35, 35, '2022-02-13', 8, 122),
(620, 'Especialidades', 'Camarones al tamarindo', 1, 160, 160, '2022-02-13', 9, 122),
(622, 'Especialidades', 'Camarones al tamarindo', 1, 160, 160, '2022-02-13', 8, 122),
(623, 'Cocteles', 'Mixto Grande', 1, 140, 140, '2022-02-13', 20, 122),
(624, 'Especialidades', 'Camaranes crema chipotle', 1, 160, 160, '2022-02-13', 17, 122),
(628, 'Camarones', 'Empanizados', 1, 160, 160, '2022-02-13', 17, 122),
(653, 'Bebidas', 'Micheladas', 1, 75, 75, '2022-02-13', 0, 122),
(700, 'Postre', 'Brownies', 2, 25, 50, '2022-02-13', 5, 122),
(709, 'Camarones', 'Empanizados', 1, 160, 160, '2022-02-13', 28, 129),
(710, 'Cocteles', 'Mixto Grande', 1, 140, 140, '2022-02-13', 33, 129),
(711, 'Ceviche', 'Ceviche Pescado', 1, 120, 120, '2022-02-13', 27, 129),
(712, 'Filetes', 'A la plancha', 3, 120, 360, '2022-02-13', 46, 129),
(713, 'Camarones', 'A la diabla', 1, 130, 130, '2022-02-13', 45, 129),
(748, 'Ceviche', 'Ceviche Camaron', 1, 140, 140, '2022-02-13', 8, 130),
(752, 'Extras', 'TOSTADAS', 1, 10, 10, '2022-02-13', 2, 130),
(768, 'Especialidades', 'Camarones al coco', 1, 160, 160, '2022-02-13', 15, 121),
(683, 'Bebidas', 'Jarra Horchata', 1, 110, 110, '2022-02-13', 11, 121),
(588, 'Bebidas', 'Victoria', 1, 35, 35, '2022-02-13', 0, 121),
(587, 'Bebidas', 'Coca', 1, 15, 15, '2022-02-13', 1, 121),
(586, 'Ceviche', 'Ceviche Camaron', 1, 140, 140, '2022-02-13', 4, 121),
(772, 'Bebidas', 'Victoria', 1, 35, 35, '2022-02-13', 0, 121),
(765, 'Bebidas', 'Coca', 1, 15, 15, '2022-02-13', 0, 121),
(676, 'Bebidas', 'Victoria', 1, 35, 35, '2022-02-13', 2, 121),
(686, 'Bebidas', 'Victoria', 1, 35, 35, '2022-02-13', 9, 121),
(690, 'Snacks', 'Hamburguesa c/papas', 2, 90, 180, '2022-02-13', 22, 121),
(691, 'Camarones', 'Empanizados', 1, 160, 160, '2022-02-13', 26, 121),
(692, 'Especialidades', 'Camarones al coco', 2, 160, 320, '2022-02-13', 23, 121),
(694, 'Cortes', 'Sirlon', 1, 170, 170, '2022-02-13', 28, 121),
(695, 'Especialidades', 'Camaranes crema chipotle', 1, 160, 160, '2022-02-13', 23, 121),
(696, 'Extras', 'PEPINO', 1, 30, 30, '2022-02-13', 12, 121),
(697, 'Bebidas', 'Coca', 1, 15, 15, '2022-02-13', 0, 121),
(730, 'Bebidas', 'Victoria', 1, 35, 35, '2022-02-13', 0, 121),
(759, 'Postre', 'Brownie c/nieve ', 1, 60, 60, '2022-02-13', 2, 121),
(762, 'Bebidas', 'Heineken', 1, 35, 35, '2022-02-13', 2, 127),
(675, 'Cocteles', 'Camaron mediano', 1, 95, 95, '2022-02-13', 25, 127),
(677, 'Bebidas', 'Micheladas', 1, 75, 75, '2022-02-13', 4, 127),
(678, 'Camarones', 'Al mojo de ajo', 1, 130, 130, '2022-02-13', 17, 127),
(740, 'Snacks', 'Papas a la francesa', 1, 55, 55, '2022-02-13', 20, 127),
(611, 'Bebidas', 'Negra modelo', 1, 35, 35, '2022-02-13', 4, 118),
(610, 'Filetes', 'Empanizado', 1, 130, 130, '2022-02-13', 12, 118),
(608, 'Bebidas', 'Victoria', 1, 35, 35, '2022-02-13', 5, 118),
(767, 'Bebidas', 'MICHELADA CON ELECCION', 2, 85, 170, '2022-02-13', 0, 118),
(665, 'Especialidades', 'Camarones a la philadelphia', 1, 160, 160, '2022-02-13', 22, 118),
(660, 'Bebidas', 'Negra modelo', 1, 35, 35, '2022-02-13', 0, 118),
(667, 'Camarones', 'Al mojo de ajo', 1, 130, 130, '2022-02-13', 19, 118),
(569, 'Bebidas', 'Jarra Horchata', 2, 110, 220, '2022-02-13', 11, 118),
(773, 'Bebidas', 'Negra modelo', 1, 35, 35, '2022-02-13', 0, 118),
(565, 'Bebidas', 'Micheladas', 1, 75, 75, '2022-02-13', 6, 118),
(666, 'Tostadas', 'Camaron', 1, 35, 35, '2022-02-13', 19, 118),
(561, 'Bebidas', 'Heineken', 1, 35, 35, '2022-02-13', 0, 118),
(621, 'Bebidas', 'Micheladas', 1, 75, 75, '2022-02-13', 2, 118),
(630, 'Bebidas', 'agua natural ', 1, 10, 10, '2022-02-13', 0, 118),
(633, 'Bebidas', 'Coca', 1, 15, 15, '2022-02-13', 0, 118),
(637, 'Infantiles', 'camarones al gusto ', 1, 80, 80, '2022-02-13', 5, 118),
(648, 'Camarones', 'Al mojo de ajo', 1, 130, 130, '2022-02-13', 23, 118),
(657, 'Especialidades', 'Orden mixta especial', 1, 180, 180, '2022-02-13', 27, 118),
(651, 'Especialidades', 'Camarones al coco', 1, 160, 160, '2022-02-13', 27, 118),
(652, 'Especialidad fría', 'Torre Varadero', 1, 170, 170, '2022-02-13', 28, 118),
(654, 'Especialidad fría', 'Torre Varadero', 1, 170, 170, '2022-02-13', 28, 118),
(669, 'Extras', 'aderezo', 1, 20, 20, '2022-02-13', 25, 118),
(658, 'Especialidades', 'PULPO MANTEQUILLA', 1, 180, 180, '2022-02-13', 30, 118),
(674, 'Especialidades', 'Orden mixta especial', 1, 180, 180, '2022-02-13', 45, 118),
(682, 'Bebidas', 'Jarra Horchata', 1, 110, 110, '2022-02-13', 8, 118),
(681, 'Camarones', 'orden mixta', 1, 160, 160, '2022-02-13', 23, 118),
(699, 'Bebidas', 'Negra modelo', 1, 35, 35, '2022-02-13', 0, 118),
(701, 'Bebidas', 'Negra modelo', 1, 35, 35, '2022-02-13', 2, 118),
(708, 'Bebidas', 'Modelo especial', 1, 35, 35, '2022-02-13', 1, 118),
(724, 'Bebidas', 'Jarra limonada Nat', 1, 115, 115, '2022-02-13', 1, 118),
(715, 'Bebidas', 'Coca', 1, 15, 15, '2022-02-13', 0, 118),
(726, 'Bebidas', 'HIELO', 1, 20, 20, '2022-02-13', 0, 118),
(733, 'Bebidas', 'Negra modelo', 1, 35, 35, '2022-02-13', 0, 118),
(734, 'Licores', 'centenario anejo copa', 1, 95, 95, '2022-02-13', 5, 118),
(736, 'Cocteles', 'Mixto Grande', 1, 140, 140, '2022-02-13', 11, 118),
(749, 'Postre', 'Brownie c/nieve ', 1, 60, 60, '2022-02-13', 4, 118),
(750, 'Bebidas', 'Ultra', 1, 35, 35, '2022-02-13', 0, 118),
(751, 'Bebidas', 'Negra modelo', 1, 35, 35, '2022-02-13', 0, 118),
(778, 'Especialidades', 'Cam Especial con Pulpo', 1, 200, 200, '2022-02-13', 0, 118),
(602, 'Tostadas', 'Tostada Surimi', 1, 55, 55, '2022-02-13', 3, 120),
(591, 'Especialidades', 'Camarones a la philadelphia', 1, 160, 160, '2022-02-13', 7, 120),
(590, 'Tostadas', 'Tostada Surimi', 1, 55, 55, '2022-02-13', 5, 120),
(589, 'Aguachiles', 'aguachile verde', 1, 140, 140, '2022-02-13', 12, 120),
(763, 'Bebidas', 'MICHELADA CON ELECCION', 1, 85, 85, '2022-02-13', 0, 120),
(636, 'Especialidades', 'Camarones Zarandeados', 1, 160, 160, '2022-02-13', 11, 120),
(764, 'Bebidas', 'MICHELADA CON ELECCION', 1, 85, 85, '2022-02-13', 0, 120),
(698, 'Licores', 'maestro dobel copa', 2, 100, 200, '2022-02-13', 4, 120),
(777, 'Camarones', 'Al mojo de ajo', 1, 130, 130, '2022-02-13', 9, 120),
(741, 'Licores', 'maestro dobel copa', 2, 100, 200, '2022-02-13', 4, 120),
(776, 'Licores', 'maestro dobel copa', 2, 100, 200, '2022-02-13', 4, 120),
(780, 'Bebidas', 'Ultra', 2, 35, 70, '2022-02-13', 0, 125),
(662, 'Bebidas', 'Naranjada Natural', 1, 30, 30, '2022-02-13', 0, 125),
(661, 'Bebidas', 'Micheladas', 2, 75, 150, '2022-02-13', 0, 125),
(670, 'Extras', 'ARROZ', 1, 20, 20, '2022-02-13', 0, 125),
(638, 'Especialidades', 'Camarones imperial', 2, 160, 320, '2022-02-13', 19, 125),
(639, 'Cocteles', 'Mixto mediano', 1, 110, 110, '2022-02-13', 16, 125),
(640, 'Tacos', 'Orden 3 Camaron capeado', 1, 115, 115, '2022-02-13', 31, 125),
(645, 'Snacks', 'Papas a la francesa', 1, 55, 55, '2022-02-13', 21, 125),
(642, 'Bebidas', 'Victoria', 1, 35, 35, '2022-02-13', 2, 125),
(643, 'Especialidades', 'Camarones al tamarindo', 1, 160, 160, '2022-02-13', 20, 125),
(774, 'Extras', 'aderezo', 1, 100, 100, '2022-02-13', 0, 125),
(716, 'Extras', 'aderezo', 1, 15, 15, '2022-02-13', 0, 125),
(738, 'Licores', 'maestro dobel copa', 3, 115, 345, '2022-02-13', 4, 125),
(613, 'Bebidas', 'Modelo especial', 1, 35, 35, '2022-02-13', 1, 116),
(597, 'Bebidas', 'Jarra naranjada Nat', 1, 100, 100, '2022-02-13', 15, 116),
(598, 'Camarones', 'Empanizados', 1, 160, 160, '2022-02-13', 5, 116),
(599, 'Bebidas', 'Jarra limonada Nat', 1, 115, 115, '2022-02-13', 15, 116),
(600, 'Camarones', 'Al mojo de ajo', 1, 130, 130, '2022-02-13', 4, 116),
(601, 'Infantiles', 'camarones al gusto ', 1, 80, 80, '2022-02-13', 11, 116),
(603, 'Especialidades', 'Camarones imperial', 1, 160, 160, '2022-02-13', 10, 116),
(606, 'Snacks', 'Hamburguesa ', 1, 65, 65, '2022-02-13', 15, 116),
(605, 'Tacos', 'Taco de camaron', 2, 40, 80, '2022-02-13', 17, 116),
(604, 'Especialidad fría', 'Torre Varadero', 1, 170, 170, '2022-02-13', 10, 116),
(580, 'Especialidades', 'Huachinango', 1, 320, 320, '2022-02-13', 20, 116),
(579, 'Camarones', 'Empanizados', 1, 160, 160, '2022-02-13', 8, 116),
(553, 'Bebidas', 'Limonada natural', 3, 30, 90, '2022-02-13', 5, 116),
(554, 'Infantiles', 'Pollo empanizado', 1, 70, 70, '2022-02-13', 9, 116),
(555, 'Snacks', 'Papas a la francesa', 1, 55, 55, '2022-02-13', 9, 116),
(556, 'Bebidas', 'Coca', 1, 15, 15, '2022-02-13', 0, 116),
(766, 'Postre', 'Brownie c/nieve ', 1, 60, 60, '2022-02-13', 4, 116),
(581, 'Bebidas', 'Modelo especial', 1, 35, 35, '2022-02-13', 0, 116),
(632, 'Bebidas', 'agua natural ', 1, 10, 10, '2022-02-13', 1, 116),
(707, 'Bebidas', 'Modelo especial', 1, 35, 35, '2022-02-13', 0, 116),
(747, 'Especialidades', 'Orden mixta especial', 1, 180, 180, '2022-02-13', 22, 116),
(612, 'Filetes', 'Empanizado', 1, 130, 130, '2022-02-13', 11, 115),
(592, 'Extras', 'PEPINO', 2, 30, 60, '2022-02-13', 14, 115),
(609, 'Licores', '1800 anejo Botella', 1, 1390, 1390, '2022-02-13', 1, 115),
(607, 'Bebidas', 'Negra modelo', 2, 35, 70, '2022-02-13', 5, 115),
(584, 'Bebidas', 'Limonada natural', 1, 30, 30, '2022-02-13', 6, 115),
(582, 'Bebidas', 'Micheladas', 2, 75, 150, '2022-02-13', 41, 115),
(583, 'Bebidas', 'Horchata', 1, 30, 30, '2022-02-13', 6, 115),
(549, 'Aguachiles', 'Varadero', 1, 140, 140, '2022-02-13', 7, 115),
(550, 'Ceviche', 'Ceviche Camaron', 1, 140, 140, '2022-02-13', 2, 115),
(552, 'Bebidas', 'Negra modelo', 1, 35, 35, '2022-02-13', 4, 115),
(548, 'Bebidas', 'Micheladas', 1, 75, 75, '2022-02-13', 5, 115),
(781, 'Especialidades', 'Camarones a la philadelphia', 1, 160, 160, '2022-02-13', 15, 115),
(668, 'Aguachiles', 'aguachile verde', 1, 140, 140, '2022-02-13', 19, 115),
(771, 'Bebidas', 'Naranjada Natural', 1, 30, 30, '2022-02-13', 8, 115),
(770, 'Bebidas', 'Coca', 1, 15, 15, '2022-02-13', 0, 115),
(769, 'Bebidas', 'agua mineral', 1, 15, 15, '2022-02-13', 0, 115),
(647, 'Extras', 'PEPINO', 1, 50, 50, '2022-02-13', 0, 115),
(649, 'Extras', 'aderezo', 1, 15, 15, '2022-02-13', 0, 115),
(775, 'Bebidas', 'Ultra', 1, 35, 35, '2022-02-13', 1, 115),
(656, 'Bebidas', 'Modelo especial', 1, 35, 35, '2022-02-13', 2, 115),
(659, 'Bebidas', 'Negra modelo', 1, 35, 35, '2022-02-13', 0, 115),
(689, 'Bebidas', 'Modelo especial', 1, 35, 35, '2022-02-13', 0, 115),
(779, 'Bebidas', 'Modelo especial', 1, 35, 35, '2022-02-13', 0, 115),
(703, 'Bebidas', 'Negra modelo', 1, 35, 35, '2022-02-13', 0, 115),
(731, 'Bebidas', 'Limonada natural', 1, 30, 30, '2022-02-13', 4, 115),
(729, 'Especialidades', 'Camarones Bufalo', 1, 160, 160, '2022-02-13', 27, 115),
(732, 'Bebidas', 'agua mineral', 1, 15, 15, '2022-02-13', 4, 115),
(735, 'Bebidas', 'agua natural ', 1, 10, 10, '2022-02-13', 1, 115),
(739, 'Bebidas', 'Fresada s/alcohol', 1, 60, 60, '2022-02-13', 12, 115),
(744, 'Bebidas', 'Modelo especial', 1, 35, 35, '2022-02-13', 4, 115),
(796, 'Bebidas', 'agua mineral', 1, 15, 15, '2022-02-13', 0, 115),
(753, 'Especialidades', 'Camaranes crema chipotle', 1, 160, 160, '2022-02-13', 16, 115),
(754, 'Snacks', 'Hamburguesa c/papas', 1, 90, 90, '2022-02-13', 20, 115),
(755, 'Especialidades', 'Camarones imperial', 1, 160, 160, '2022-02-13', 21, 115),
(757, 'Especialidades', 'Camarones a la cucaracha', 1, 160, 160, '2022-02-13', 19, 115),
(758, 'Cocteles', 'Camaron mediano', 1, 95, 95, '2022-02-13', 13, 115),
(760, 'Especialidades', 'Camarones a la cucaracha', 1, 160, 160, '2022-02-13', 19, 115),
(761, 'Especialidades', 'Camarones Zarandeados', 1, 160, 160, '2022-02-13', 23, 115),
(785, 'Camarones', 'Empanizados', 1, 160, 160, '2022-02-13', 28, 131),
(784, 'Especialidades', 'Huachinango', 1, 260, 260, '2022-02-13', 28, 131),
(786, 'Cocteles', 'Mixto Grande', 1, 140, 140, '2022-02-13', 20, 132),
(788, 'Snacks', 'Alitas buffalo', 1, 100, 100, '2022-02-13', 20, 132),
(787, 'Bebidas', 'Micheladas', 1, 75, 75, '2022-02-13', 16, 132),
(793, 'Bebidas', 'agua natural ', 1, 10, 10, '2022-02-13', 1, 134),
(794, 'Ceviche', '1/2 ceviche camaron', 1, 70, 70, '2022-02-13', 10, 134),
(795, 'Bebidas', 'Naranjada Natural', 1, 30, 30, '2022-02-13', 1, 134),
(797, 'Bebidas', 'Coca', 1, 15, 15, '2022-02-13', 0, 134),
(800, 'Camarones', 'Empanizados', 1, 160, 160, '2022-02-13', 19, 133),
(801, 'Extras', 'aderezo', 1, 15, 15, '2022-02-13', 3, 133),
(792, 'Ceviche', 'Ceviche Camaron', 1, 140, 140, '2022-02-13', 11, 133),
(790, 'Snacks', 'Hamburguesa ', 2, 65, 130, '2022-02-13', 28, 133),
(791, 'Camarones', 'Empanizados', 2, 160, 320, '2022-02-13', 20, 133),
(789, 'Ceviche', 'Ceviche Camaron', 1, 140, 140, '2022-02-13', 14, 133),
(799, 'Extras', 'ARROZ', 1, 20, 20, '2022-02-13', 1, 133),
(798, 'Bebidas', 'Coca', 2, 15, 30, '2022-02-13', 4, 133),
(673, 'Ceviche', 'Ceviche Camaron', 1, 170, 170, '2022-02-13', 23, 123),
(617, 'Licores', 'Jack Daniels botella', 1, 990, 990, '2022-02-13', 0, 123),
(634, 'Aguachiles', 'Varadero', 1, 140, 140, '2022-02-13', 18, 123),
(783, 'Bebidas', 'manzanita', 1, 15, 15, '2022-02-13', 0, 123),
(737, 'Bebidas', 'agua mineral', 1, 15, 15, '2022-02-13', 1, 123),
(782, 'Bebidas', 'agua mineral', 1, 15, 15, '2022-02-13', 0, 123),
(742, 'Bebidas', 'manzanita', 1, 15, 15, '2022-02-13', 0, 123),
(745, 'Especialidades', 'Camarones a la philadelphia', 1, 160, 160, '2022-02-13', 22, 123),
(803, 'Bebidas', 'manzanita', 1, 15, 15, '2022-02-13', 0, 123),
(802, 'Bebidas', 'agua mineral', 1, 15, 15, '2022-02-13', 0, 123),
(806, 'Infantiles', 'camarones al gusto ', 1, 80, 80, '2022-02-14', 2, 135),
(807, 'Bebidas', 'Naranjada Natural', 3, 30, 90, '2022-02-14', 2, 135),
(808, 'Bebidas', 'agua natural ', 1, 10, 10, '2022-02-14', 0, 135),
(809, 'Bebidas', 'mojito ', 1, 60, 60, '2022-02-14', 0, 135),
(810, 'Bebidas', 'mojito ', 1, 60, 60, '2022-02-14', 0, 135),
(805, 'Tacos', 'Orden 3 Camaron capeado', 5, 35, 175, '2022-02-14', 2, 135),
(804, 'Tacos', 'Orden 3 Taco gobernador de camaron', 1, 33, 33, '2022-02-14', 3, 135),
(816, 'Tostadas', 'Camaron', 1, 35, 35, '2022-02-14', 5, 135),
(812, 'Especialidades', 'Pescado zarandeado', 2, 280, 560, '2022-02-14', 0, 136),
(813, 'Bebidas', 'Corona', 2, 35, 70, '2022-02-14', 0, 136),
(814, 'Bebidas', 'agua natural ', 1, 10, 10, '2022-02-14', 0, 136),
(815, 'Bebidas', 'Coca', 1, 15, 15, '2022-02-14', 0, 136),
(817, 'Bebidas', 'Corona', 1, 35, 35, '2022-02-14', 0, 136),
(829, 'Infantiles', 'camarones al gusto ', 4, 80, 320, '2022-02-14', 5, 138),
(828, 'Camarones', 'Empanizados', 1, 160, 160, '2022-02-14', 6, 138),
(827, 'Camarones', 'A la diabla', 1, 130, 130, '2022-02-14', 6, 138),
(830, 'Bebidas', 'Naranjada Natural', 1, 30, 30, '2022-02-14', 0, 138),
(832, 'Bebidas', 'Coca', 1, 15, 15, '2022-02-14', 0, 138),
(833, 'Bebidas', 'Micheladas', 1, 75, 75, '2022-02-14', 0, 138),
(834, 'Bebidas', 'Sprite', 1, 15, 15, '2022-02-14', 0, 138),
(835, 'Bebidas', 'agua mineral', 1, 15, 15, '2022-02-14', 0, 138),
(836, 'Bebidas', 'Coca', 3, 15, 45, '2022-02-14', 0, 139),
(841, 'Camarones', 'Empanizados', 1, 160, 160, '2022-02-14', 16, 141),
(840, 'Tacos', 'Orden 3 Taco gobernador de camaron', 1, 99, 99, '2022-02-14', 18, 141),
(839, 'Bebidas', 'Xx lager', 2, 35, 70, '2022-02-14', 0, 141),
(857, 'Ceviche', 'Ceviche mixto cam/pes', 1, 130, 130, '2022-02-14', 46, 142),
(845, 'Bebidas', 'Sprite', 1, 15, 15, '2022-02-14', 3, 142),
(844, 'Snacks', 'Papas a la francesa', 1, 55, 55, '2022-02-14', 9, 142),
(843, 'Bebidas', 'Negra modelo', 2, 35, 70, '2022-02-14', 4, 142),
(842, 'Bebidas', 'Victoria', 1, 35, 35, '2022-02-14', 4, 142),
(837, 'Especialidades', 'Camarones al ajillo', 1, 160, 160, '2022-02-14', 121, 140),
(838, 'Especialidades', 'Huachinango', 1, 320, 320, '2022-02-14', 121, 140),
(886, 'Camarones', 'Empanizados', 1, 160, 160, '2022-02-14', 13, 144),
(856, 'Especialidades', 'Camarones a la cucaracha', 1, 160, 160, '2022-02-14', 46, 144),
(854, 'Camarones', 'A la diabla', 1, 130, 130, '2022-02-14', 41, 144),
(855, 'Especialidades', 'Camarones imperial', 1, 160, 160, '2022-02-14', 49, 144),
(853, 'Bebidas', 'Pinada', 1, 50, 50, '2022-02-14', 8, 144),
(852, 'Camarones', 'Empanizados', 1, 160, 160, '2022-02-14', 47, 144),
(850, 'Bebidas', 'Jarra naranjada Nat', 1, 100, 100, '2022-02-14', 11, 144),
(851, 'Camarones', 'orden mixta', 1, 160, 160, '2022-02-14', 14, 144),
(849, 'Tostadas', 'Camaron', 3, 35, 105, '2022-02-14', 42, 144),
(866, 'Ceviche', 'Ceviche Pescado', 1, 120, 120, '2022-02-14', 41, 148),
(867, 'Bebidas', 'Coca', 1, 15, 15, '2022-02-14', 40, 148),
(869, 'Bebidas', 'Corona', 1, 35, 35, '2022-02-14', 40, 148),
(870, 'Bebidas', 'Naranjada Natural', 1, 30, 30, '2022-02-14', 40, 148),
(871, 'Camarones', 'A la diabla', 1, 130, 130, '2022-02-14', 40, 148),
(872, 'Camarones', 'Empanizados', 1, 160, 160, '2022-02-14', 40, 148),
(873, 'Camarones', 'A la diabla', 1, 130, 130, '2022-02-14', 40, 148),
(874, 'Camarones', 'Empanizados', 1, 160, 160, '2022-02-14', 51, 149),
(875, 'Bebidas', 'Micheladas', 1, 75, 75, '2022-02-14', 26, 149),
(877, 'Camarones', 'A la diabla', 1, 130, 130, '2022-02-14', 51, 149),
(878, 'Bebidas', 'Micheladas', 1, 75, 75, '2022-02-14', 25, 149),
(894, 'Camarones', 'orden mixta', 1, 160, 160, '2022-02-14', 51, 147),
(895, 'Camarones', 'Empanizados', 1, 160, 160, '2022-02-14', 54, 147),
(896, 'Especialidades', 'Camarones imperial', 1, 160, 160, '2022-02-14', 51, 147),
(864, 'Bebidas', 'Victoria', 1, 35, 35, '2022-02-14', 27, 147),
(865, 'Bebidas', 'Micheladas', 2, 75, 150, '2022-02-14', 27, 147),
(900, 'Camarones', 'Al cilantro', 1, 130, 130, '2022-02-14', 57, 143),
(901, 'Especialidades', 'Camarones a la philadelphia', 1, 160, 160, '2022-02-14', 57, 143),
(902, 'Bebidas', 'Victoria', 2, 35, 70, '2022-02-14', 21, 143),
(905, 'Bebidas', 'Coca', 2, 15, 30, '2022-02-14', 0, 143),
(909, 'Bebidas', 'Victoria', 2, 35, 70, '2022-02-14', 0, 150),
(910, 'Cocteles', 'Mixto Grande', 2, 140, 280, '2022-02-14', 0, 150),
(911, 'Cocteles', 'Camaron mediano', 1, 95, 95, '2022-02-14', 0, 150),
(912, 'Bebidas', 'Micheladas', 1, 75, 75, '2022-02-14', 0, 150),
(891, 'Mariscadas', 'Mariscada (4 personas)', 1, 520, 520, '2022-02-14', 59, 146),
(892, 'Snacks', 'Alitas buffalo', 1, 100, 100, '2022-02-14', 69, 146),
(899, 'Cocteles', 'Camaron Grande', 1, 125, 125, '2022-02-14', 54, 146),
(890, 'Cocteles', 'Camaron mediano', 1, 95, 95, '2022-02-14', 43, 146),
(889, 'Especialidades', 'Camarones a la cucaracha', 1, 160, 160, '2022-02-14', 16, 146),
(888, 'Bebidas', 'Naranjada Natural', 1, 30, 30, '2022-02-14', 11, 146),
(887, 'Bebidas', 'Pina colada', 3, 70, 210, '2022-02-14', 11, 146),
(907, 'Bebidas', 'agua mineral', 2, 15, 30, '2022-02-14', 6, 146),
(860, 'Licores', 'centenario reposado Botella', 1, 590, 590, '2022-02-14', 30, 146),
(885, 'Ceviche', '1/2 ceviche camaron', 1, 70, 70, '2022-02-14', 46, 145),
(908, 'Postre', 'Nieve', 1, 40, 40, '2022-02-14', 7, 145),
(880, 'Bebidas', 'Pina colada', 1, 70, 70, '2022-02-14', 36, 145),
(881, 'Bebidas', 'limonada mineral', 1, 35, 35, '2022-02-14', 12, 145),
(882, 'Camarones', 'Empanizados', 1, 160, 160, '2022-02-14', 73, 145),
(884, 'Especialidad fría', 'Torre Varadero', 1, 170, 170, '2022-02-14', 54, 145),
(906, 'Bebidas', 'Naranjada Mineral', 1, 35, 35, '2022-02-14', 0, 145),
(914, 'Bebidas', 'Micheladas', 2, 75, 150, '2022-02-14', 0, 151),
(913, 'Cocteles', 'Mixto Grande', 2, 140, 280, '2022-02-14', 0, 151),
(937, 'Especialidades', 'Camarones Zarandeados', 1, 160, 160, '2022-02-14', 0, 158),
(938, 'Bebidas', 'Horchata', 2, 30, 60, '2022-02-14', 0, 158),
(936, 'Camarones', 'Empanizados', 1, 160, 160, '2022-02-14', 0, 158),
(918, 'Bebidas', 'Xx lager', 1, 35, 35, '2022-02-14', 31, 153),
(919, 'Bebidas', 'Ultra', 1, 35, 35, '2022-02-14', 31, 153),
(920, 'Especialidades', 'Molcajete Mixto', 1, 180, 180, '2022-02-14', 29, 153),
(921, 'Especialidades', 'Huachinango', 1, 280, 280, '2022-02-14', 27, 153),
(929, 'Especialidades', 'Camarones al coco', 1, 160, 160, '2022-02-14', 0, 155),
(935, 'Ceviche', 'Ceviche Camaron', 1, 140, 140, '2022-02-14', 0, 157),
(934, 'Snacks', 'Alitas buffalo', 1, 100, 100, '2022-02-14', 0, 157),
(944, 'Camarones', 'Empanizados', 1, 160, 160, '2022-02-14', 3, 159),
(945, 'Especialidades', 'Camarones imperial', 1, 160, 160, '2022-02-14', 3, 159),
(939, 'Bebidas', 'Corona', 1, 35, 35, '2022-02-14', 2, 159),
(940, 'Bebidas', 'Naranjada Mineral', 1, 35, 35, '2022-02-14', 2, 159),
(943, 'Tostadas', 'Camaron', 1, 35, 35, '2022-02-14', 3, 159),
(928, 'Bebidas', 'Coca', 1, 15, 15, '2022-02-14', 27, 154),
(927, 'Bebidas', 'Naranjada Natural', 1, 30, 30, '2022-02-14', 27, 154),
(926, 'Camarones', 'A la diabla', 2, 130, 260, '2022-02-14', 24, 154),
(941, 'Bebidas', 'Coca', 1, 15, 15, '2022-02-14', 2, 154),
(942, 'Especialidades', 'Huachinango', 1, 280, 280, '2022-02-14', 1, 154),
(916, 'Especialidades', 'Camarones a la cucaracha', 1, 160, 160, '2022-02-14', 0, 152),
(915, 'Bebidas', 'Micheladas', 2, 75, 150, '2022-02-14', 0, 152),
(917, 'Especialidades', 'Molcajete Mixto', 1, 180, 180, '2022-02-14', 0, 152),
(947, 'Extras', 'TOSTADAS', 1, 25, 25, '2022-02-14', 0, 160),
(946, 'Camarones', 'Empanizados', 2, 160, 320, '2022-02-14', 0, 160),
(958, 'Especialidades', 'Orden mixta especial', 2, 180, 360, '2022-02-14', 0, 164),
(957, 'Bebidas', 'limonada mineral', 2, 35, 70, '2022-02-14', 0, 164),
(955, 'Infantiles', 'camarones al gusto ', 1, 80, 80, '2022-02-14', 0, 163),
(954, 'Camarones', 'Empanizados', 2, 160, 320, '2022-02-14', 0, 163),
(953, 'Camarones', 'A la diabla', 3, 130, 390, '2022-02-14', 0, 163),
(932, 'Especialidad fría', 'Torre Varadero', 1, 170, 170, '2022-02-14', 0, 156),
(933, 'Camarones', 'Empanizados', 1, 160, 160, '2022-02-14', 0, 156),
(948, 'Camarones', 'Empanizados', 1, 160, 160, '2022-02-14', 21, 161),
(949, 'Especialidad fría', 'Torre Varadero', 1, 170, 170, '2022-02-14', 21, 161),
(950, 'Bebidas', 'Micheladas', 2, 75, 150, '2022-02-14', 17, 161),
(956, 'Extras', 'ARROZ', 1, 20, 20, '2022-02-14', 0, 161),
(964, 'Bebidas', 'Pinada', 1, 50, 50, '2022-02-14', 0, 165),
(966, 'Bebidas', 'Coca', 4, 15, 60, '2022-02-14', 0, 165),
(968, 'Bebidas', 'Coca', 1, 15, 15, '2022-02-14', 0, 165),
(959, 'Camarones', 'A la diabla', 1, 130, 130, '2022-02-14', 0, 165),
(960, 'Ceviche', 'Ceviche Pescado', 1, 120, 120, '2022-02-14', 0, 165),
(961, 'Especialidades', 'Camarones a la cucaracha', 2, 160, 320, '2022-02-14', 17, 165),
(962, 'Especialidades', 'Orden mixta especial', 1, 180, 180, '2022-02-14', 8, 165),
(967, 'Cortes', 'Sirlon', 1, 220, 220, '2022-02-14', 6, 165),
(970, 'Camarones', 'orden mixta', 1, 160, 160, '2022-02-15', 9, 166),
(972, 'Camarones', 'orden mixta', 1, 160, 160, '2022-02-15', 10, 168),
(971, 'Filetes', 'Empanizado', 1, 130, 130, '2022-02-15', 12, 167),
(973, 'Especialidades', 'Camarones a la philadelphia', 1, 160, 160, '2022-02-15', 13, 169),
(982, 'Bebidas', 'Horchata', 1, 30, 30, '2022-02-15', 11, 174),
(981, 'Bebidas', 'Modelo especial', 1, 35, 35, '2022-02-15', 11, 174),
(980, 'Aguachiles', 'aguachile verde', 1, 140, 140, '2022-02-15', 12, 174),
(979, 'Camarones', 'orden mixta', 1, 160, 160, '2022-02-15', 12, 174),
(983, 'Ceviche', 'Ceviche Camaron', 1, 140, 140, '2022-02-15', 18, 175),
(984, 'Cocteles', 'Camaron Grande', 1, 125, 125, '2022-02-15', 16, 176),
(985, 'Camarones', 'Al mojo de ajo', 1, 130, 130, '2022-02-15', 16, 176),
(987, 'Especialidades', 'Camarones a la philadelphia', 1, 160, 160, '2022-02-15', 11, 177),
(988, 'Tostadas', 'Tostada Ahogada', 1, 60, 60, '2022-02-15', 7, 177),
(986, 'Bebidas', 'limonada mineral', 2, 35, 70, '2022-02-15', 4, 177),
(989, 'Camarones', 'A la diabla', 1, 130, 130, '2022-02-15', 5, 178);

--
-- Triggers `his_ventas`
--
DROP TRIGGER IF EXISTS `after_insert-his_ventas`;
DELIMITER $$
CREATE TRIGGER `after_insert-his_ventas` AFTER INSERT ON `his_ventas` FOR EACH ROW delete ordenes from ordenes 
 where new.hisv_id_histoVentas = ordenes.ord_id_orden
$$
DELIMITER ;

-- --------------------------------------------------------

--
-- Table structure for table `observaciones`
--

DROP TABLE IF EXISTS `observaciones`;
CREATE TABLE IF NOT EXISTS `observaciones` (
  `obs_id_observaciones` int(11) NOT NULL AUTO_INCREMENT,
  `obs_observacion` text NOT NULL,
  `ord_id_orden` int(11) NOT NULL,
  PRIMARY KEY (`obs_id_observaciones`)
) ENGINE=MyISAM AUTO_INCREMENT=176 DEFAULT CHARSET=utf8;

--
-- Dumping data for table `observaciones`
--

INSERT INTO `observaciones` (`obs_id_observaciones`, `obs_observacion`, `ord_id_orden`) VALUES
(2, 'Bufalo y ajillo', 7),
(3, 'cucaracha', 15),
(4, 'diabla y mojo ajo ', 21),
(5, 'poco picante', 22),
(6, 'sin chile verde', 24),
(7, 'Mariscada de especialidades ', 42),
(8, 'Tostada extra', 44),
(9, 'solo ensalada dulce y arroz ', 50),
(10, 'sin azucar', 55),
(11, 'poco picante ', 79),
(12, 'para llevar', 98),
(13, 'diabla y ajillo', 118),
(88, 'Napolitano', 295),
(86, 'Napolitano', 293),
(87, 'Napolitano', 294),
(71, 'Caliente', 257),
(72, 'Sin chile ', 258),
(73, 'Caliente', 259),
(74, 'Caliente ', 260),
(67, 'Sin cebolla', 253),
(68, 'Sin cebolla', 254),
(69, 'Sin cebolla ', 255),
(70, 'Sin cebolla ', 256),
(66, 'Uno de los filetes sin condimentos ', 246),
(83, 'Sin almeja chocolata ', 275),
(59, 'Sin picante', 239),
(60, 'Sin picante ', 240),
(61, 'Sin picante', 241),
(62, '1 sin condimentos ', 242),
(63, '1 filete sin condimentos ', 243),
(64, '1 filete sin condimentos ', 244),
(102, 'sin hielo', 369),
(58, 'Sin picante ', 238),
(85, 'Sin almeja. ', 277),
(82, 'Sin almeja chocolata ', 274),
(57, 'Sin picante ', 237),
(84, 'Son almejas chocolata', 276),
(80, 'Sin nada ningun complemento ', 267),
(81, 'Sin almeja ', 273),
(76, 'Sin nada', 263),
(77, 'Sin nada', 264),
(78, 'Sin complementos ', 265),
(79, 'Sin nada solo ', 266),
(75, 'Caliente', 261),
(89, 'Napolitano', 296),
(90, 'Con nieve napolitano ', 297),
(91, 'Napolitano ', 300),
(92, 'Sin chile ', 301),
(93, 'Sin chil', 302),
(94, 'Sin chile', 303),
(95, 'Sin chile ', 304),
(96, 'Sin chile ', 305),
(104, 'Sin hielo', 422),
(99, 'Nada picante', 332),
(109, 'Puro camaron ', 485),
(110, 'Puro camaron, sin verdura ni caldo ', 520),
(111, 'PURA CATSU', 524),
(112, '1 sin alcohol', 527),
(113, '2 GOBERNADOR Y 1TACO CAMARON', 540),
(114, 'A la diabla y empanizalos ', 542),
(115, '2 vasos para la coca', 556),
(116, 'Con heineken', 565),
(117, 'Empanizados y a la media diabla ', 576),
(118, 'Dorado', 580),
(119, 'Sin hielo ', 584),
(120, 'Heineken 00', 585),
(121, 'Sin hielo ', 595),
(122, 'Empanizados', 601),
(123, 'Una al tiempo', 607),
(127, 'Una al tiempo ', 629),
(125, 'Con cerveza victoria de la CHICA', 618),
(126, 'Muy blandito ', 625),
(128, 'Mojo ajo', 637),
(130, 'Y una orden de arroz ', 645),
(132, '5 camarones ', 647),
(134, 'Cam diabla y pulpo ajillo', 657),
(135, 'ARROZ', 669),
(136, 'Tequila', 671),
(140, 'Cam diabla y cam ajillo', 681),
(138, 'Y pulpo ', 673),
(139, 'Cam bufalo y pulpo ajillo', 674),
(142, 'Sin azucar', 731),
(143, 'Una con refresco dos con agua mineral ', 738),
(145, 'Mitad ajillo y mitad mantequilla doble porcion de arroz sin ensalada verde ', 747),
(146, 'Solo los camarones en el l caldo de consome de camaron sin nada de picante ni aderezos', 758),
(147, 'MODELO Y VICTORIA', 763),
(148, 'MODELO', 764),
(149, 'SIN ALCOHOL HEINEKENT', 767),
(150, 'Para llevar ', 768),
(151, 'Solo los puros camarones', 777),
(152, 'Media diabla ', 819),
(153, 'Empanizados ', 820),
(154, 'media diabla', 827),
(155, 'empanizados', 829),
(156, 'Una sin hielo ', 848),
(157, 'Empanizados y diabla ', 851),
(158, 'A la catusp, sin nada de chile ', 854),
(159, 'Media diabla', 873),
(160, 'Media al coco orden', 876),
(161, 'Al mojo del ajo', 879),
(162, 'Poco alcohol', 880),
(163, 'Empanizados media diabla, zarandeados, momia ', 891),
(164, 'Diabla ,matequila ,mexicana,mijo de ajo', 893),
(165, 'Diabla, empanizado no tan picoso ', 894),
(171, 'diabla y empanizados', 972),
(170, 'mojo de ajo y diabla ', 970),
(168, 'mojo', 955),
(172, 'Sin chile ', 976),
(174, 'Mantequilla y diabla ', 979),
(175, 'Empanizados y mojo de ajo ', 993);

-- --------------------------------------------------------

--
-- Table structure for table `ordenes`
--

DROP TABLE IF EXISTS `ordenes`;
CREATE TABLE IF NOT EXISTS `ordenes` (
  `ord_id_orden` int(11) NOT NULL AUTO_INCREMENT,
  `ord_categoria` varchar(35) NOT NULL,
  `ord_producto` varchar(35) NOT NULL,
  `ord_cantidad` mediumint(4) NOT NULL,
  `ord_costo` mediumint(5) NOT NULL,
  `ord_total` int(11) NOT NULL,
  `ord_hora` time NOT NULL,
  `ord_status` smallint(3) NOT NULL,
  `ord_horaEntrega` time NOT NULL,
  `cli_id_cliente` int(11) NOT NULL,
  PRIMARY KEY (`ord_id_orden`),
  KEY `cli_id_cliente` (`cli_id_cliente`)
) ENGINE=MyISAM AUTO_INCREMENT=1022 DEFAULT CHARSET=utf8;

--
-- Dumping data for table `ordenes`
--

INSERT INTO `ordenes` (`ord_id_orden`, `ord_categoria`, `ord_producto`, `ord_cantidad`, `ord_costo`, `ord_total`, `ord_hora`, `ord_status`, `ord_horaEntrega`, `cli_id_cliente`) VALUES
(25, 'Aguachiles', 'Verde especial', 1, 150, 150, '13:39:35', 2, '13:48:19', 13),
(26, 'Especialidades', 'Camarones al coco', 1, 160, 160, '16:16:24', 2, '16:34:31', 14),
(903, 'Snacks', 'Alitas buffalo', 1, 100, 100, '15:12:50', 1, '00:00:00', 143),
(237, 'Fajitas', 'pollo ', 1, 140, 140, '19:41:49', 2, '19:53:35', 54),
(491, 'Bebidas', 'Limonada natural', 1, 30, 30, '10:59:53', 1, '00:00:00', 96),
(486, 'Cocteles', 'Camaron Grande', 1, 125, 125, '10:58:11', 1, '00:00:00', 96),
(487, 'Bebidas', 'Micheladas', 1, 75, 75, '10:58:25', 1, '00:00:00', 96),
(488, 'Cocteles', 'Camaron Grande', 1, 125, 125, '10:58:37', 1, '00:00:00', 96),
(489, 'Bebidas', 'Micheladas', 1, 75, 75, '10:58:54', 1, '00:00:00', 96),
(463, 'Bebidas', 'Horchata', 1, 30, 30, '18:53:09', 2, '18:54:36', 94),
(464, 'Bebidas', 'Naranjada Natural', 1, 30, 30, '18:53:13', 1, '00:00:00', 94),
(465, 'Bebidas', 'Pina colada', 1, 70, 70, '18:53:17', 1, '00:00:00', 94),
(466, 'Bebidas', 'Heineken', 1, 35, 35, '18:53:21', 1, '00:00:00', 94),
(467, 'Bebidas', 'Jarra limonada Nat', 1, 115, 115, '18:53:24', 1, '00:00:00', 94),
(468, 'Bebidas', 'Naranjada Natural', 1, 30, 30, '18:53:29', 1, '00:00:00', 94),
(469, 'Bebidas', 'Pinada', 1, 50, 50, '18:54:23', 1, '00:00:00', 95),
(470, 'Bebidas', 'Micheladas', 1, 75, 75, '18:55:10', 1, '00:00:00', 95),
(238, 'Fajitas', 'pollo ', 1, 140, 140, '19:41:53', 2, '19:51:01', 50),
(239, 'Fajitas', 'pollo ', 1, 140, 140, '19:41:54', 2, '19:51:53', 49),
(240, 'Fajitas', 'pollo ', 1, 140, 140, '19:41:59', 1, '00:00:00', 53),
(241, 'Fajitas', 'pollo ', 1, 140, 140, '19:42:05', 2, '19:52:00', 51),
(242, 'Filetes', 'A la plancha', 3, 120, 360, '19:42:16', 2, '19:51:02', 50),
(243, 'Filetes', 'A la plancha', 3, 120, 360, '19:42:17', 2, '19:53:36', 54),
(244, 'Filetes', 'A la plancha', 3, 120, 360, '19:42:17', 1, '00:00:00', 53),
(246, 'Filetes', 'A la plancha', 3, 120, 360, '19:42:27', 2, '19:52:02', 49),
(247, 'Entradas', 'Ceviche Perla negra', 1, 150, 150, '19:42:43', 2, '19:53:36', 54),
(248, 'Entradas', 'Ceviche Perla negra', 1, 150, 150, '19:43:07', 2, '19:51:54', 49),
(249, 'Entradas', 'Ceviche Perla negra', 1, 150, 150, '19:43:07', 2, '19:51:02', 50),
(250, 'Entradas', 'Ceviche Perla negra', 1, 150, 150, '19:43:07', 1, '00:00:00', 53),
(251, 'Entradas', 'Ceviche Perla negra', 1, 150, 150, '19:43:08', 2, '19:52:03', 51),
(253, 'Cocteles', 'Mixto Grande', 1, 160, 160, '19:43:21', 2, '19:53:38', 54),
(254, 'Cocteles', 'Mixto Grande', 1, 160, 160, '19:43:42', 2, '19:52:01', 51),
(255, 'Cocteles', 'Mixto Grande', 1, 160, 160, '19:43:44', 2, '19:51:03', 50),
(256, 'Cocteles', 'Mixto Grande', 1, 160, 160, '19:43:45', 2, '19:51:56', 49),
(257, 'Cocteles', 'Mixto mediano', 1, 110, 110, '19:43:56', 2, '19:53:38', 54),
(258, 'Cocteles', 'Mixto Grande', 1, 160, 160, '19:43:57', 1, '00:00:00', 53),
(259, 'Cocteles', 'Mixto mediano', 1, 110, 110, '19:44:01', 2, '19:52:04', 51),
(260, 'Cocteles', 'Mixto mediano', 1, 110, 110, '19:44:02', 2, '19:52:04', 49),
(261, 'Cocteles', 'Mixto mediano', 1, 110, 110, '19:44:02', 2, '19:51:03', 50),
(262, 'Cocteles', 'Camaron mediano', 1, 95, 95, '19:44:08', 1, '00:00:00', 53),
(263, 'Filetes', 'Empanizado', 1, 130, 130, '19:44:16', 2, '19:51:04', 50),
(264, 'Filetes', 'Empanizado', 1, 130, 130, '19:44:18', 2, '19:52:05', 51),
(265, 'Filetes', 'Empanizado', 1, 130, 130, '19:44:24', 2, '19:52:06', 49),
(266, 'Filetes', 'Pollo empanizado', 1, 130, 130, '19:44:28', 1, '00:00:00', 53),
(267, 'Filetes', 'Empanizado', 1, 130, 130, '19:44:30', 2, '19:53:40', 54),
(268, 'Snacks', 'Alitas buffalo', 1, 100, 100, '19:44:39', 2, '19:53:41', 54),
(269, 'Snacks', 'Alitas buffalo', 1, 100, 100, '19:44:44', 2, '19:52:15', 51),
(270, 'Snacks', 'Alitas buffalo', 1, 100, 100, '19:44:44', 2, '19:51:05', 50),
(271, 'Snacks', 'Alitas buffalo', 1, 100, 100, '19:44:46', 2, '19:52:02', 49),
(272, 'Snacks', 'Alitas buffalo', 1, 100, 100, '19:44:52', 1, '00:00:00', 53),
(273, 'Cocteles', 'Sopa de mariscos ', 1, 180, 180, '19:45:31', 1, '00:00:00', 53),
(274, 'Cocteles', 'Sopa de mariscos ', 1, 180, 180, '19:45:37', 2, '19:51:06', 50),
(275, 'Cocteles', 'Sopa de mariscos ', 1, 180, 180, '19:45:37', 2, '19:52:09', 49),
(276, 'Cocteles', 'Sopa de mariscos ', 1, 180, 180, '19:45:41', 2, '19:52:16', 51),
(277, 'Cocteles', 'Sopa de mariscos ', 1, 180, 180, '19:45:47', 2, '19:53:42', 54),
(278, 'Bebidas', 'Victoria', 1, 35, 35, '19:46:04', 2, '19:52:17', 51),
(279, 'Bebidas', 'Victoria', 1, 35, 35, '19:46:05', 2, '19:51:06', 50),
(280, 'Bebidas', 'Victoria', 1, 35, 35, '19:46:05', 2, '19:53:43', 54),
(281, 'Bebidas', 'Victoria', 1, 35, 35, '19:46:06', 2, '19:52:07', 49),
(282, 'Bebidas', 'Victoria', 1, 35, 35, '19:46:08', 1, '00:00:00', 53),
(283, 'Bebidas', 'Corona', 1, 35, 35, '19:46:12', 2, '19:51:07', 50),
(284, 'Bebidas', 'Corona', 1, 35, 35, '19:46:15', 2, '19:52:18', 51),
(285, 'Bebidas', 'Heineken', 1, 35, 35, '19:46:16', 2, '19:53:45', 54),
(286, 'Bebidas', 'Heineken', 1, 35, 35, '19:46:16', 2, '19:52:17', 49),
(287, 'Bebidas', 'Heineken', 1, 35, 35, '19:46:19', 2, '19:51:08', 50),
(288, 'Bebidas', 'Heineken', 1, 35, 35, '19:46:22', 2, '19:52:18', 51),
(289, 'Bebidas', 'Corona', 1, 35, 35, '19:46:23', 2, '19:52:14', 49),
(290, 'Bebidas', 'Victoria', 1, 35, 35, '19:46:34', 1, '00:00:00', 53),
(291, 'Postre', 'Nieve', 1, 40, 40, '19:46:36', 2, '19:53:45', 54),
(292, 'Postre', 'Nieve', 1, 40, 40, '19:46:42', 1, '00:00:00', 53),
(293, 'Postre', 'Nieve', 1, 40, 40, '19:46:52', 2, '19:52:18', 50),
(294, 'Postre', 'Nieve', 1, 40, 40, '19:46:53', 2, '19:52:21', 51),
(295, 'Postre', 'Brownie c/nieve ', 1, 60, 60, '19:46:53', 2, '19:53:46', 54),
(296, 'Postre', 'Nieve', 1, 40, 40, '19:46:56', 2, '19:52:16', 49),
(297, 'Postre', 'Brownie c/nieve ', 1, 60, 60, '19:47:02', 1, '00:00:00', 53),
(298, 'Postre', 'Brownie c/nieve ', 1, 60, 60, '19:47:05', 2, '19:51:52', 50),
(299, 'Postre', 'Brownie c/nieve ', 1, 60, 60, '19:47:10', 2, '19:52:21', 51),
(300, 'Postre', 'Brownie c/nieve ', 1, 60, 60, '19:47:34', 2, '19:52:20', 49),
(301, 'Filetes', 'A la mexicana', 1, 120, 120, '19:48:07', 2, '19:53:48', 54),
(302, 'Filetes', 'A la mexicana', 1, 120, 120, '19:48:08', 2, '19:52:19', 50),
(303, 'Filetes', 'A la mexicana', 1, 120, 120, '19:48:09', 2, '19:52:21', 51),
(304, 'Filetes', 'A la mexicana', 1, 120, 120, '19:48:10', 2, '19:52:19', 49),
(305, 'Filetes', 'A la mexicana', 1, 120, 120, '19:48:12', 1, '00:00:00', 53),
(306, 'Bebidas', 'Corona', 1, 35, 35, '19:50:38', 2, '19:53:52', 54),
(307, 'Filetes', 'A la plancha', 3, 120, 360, '19:51:09', 2, '19:52:20', 51),
(893, 'Mariscadas', 'Mariscada (4 personas)', 1, 480, 480, '14:58:09', 1, '00:00:00', 143),
(897, 'Entradas', 'Ceviche Camaron', 1, 140, 140, '15:06:56', 1, '00:00:00', 143),
(898, 'Snacks', 'Alitas buffalo', 1, 100, 100, '15:07:18', 1, '00:00:00', 143),
(635, 'Bebidas', 'Micheladas', 1, 75, 75, '14:56:14', 2, '15:10:22', 114),
(925, 'Bebidas', 'Sprite', 1, 15, 15, '16:49:08', 1, '00:00:00', 146),
(1002, 'Especialidades', 'Molcajete Mixto', 1, 180, 180, '16:30:31', 1, '00:00:00', 181),
(1001, 'Bebidas', 'Horchata', 1, 30, 30, '16:30:15', 1, '00:00:00', 181),
(1000, 'Especialidad fría', 'Torre al aguachile', 1, 160, 160, '16:29:41', 1, '00:00:00', 181),
(995, 'Bebidas', 'limonada mineral', 1, 35, 35, '16:26:13', 2, '16:33:01', 179),
(994, 'Bebidas', 'Horchata', 1, 30, 30, '16:26:02', 2, '16:33:00', 179),
(993, 'Camarones', 'orden mixta', 1, 160, 160, '16:25:47', 1, '00:00:00', 179),
(992, 'Tostadas', 'Pescado', 1, 30, 30, '16:25:32', 1, '00:00:00', 179),
(990, 'Tostadas', 'Camaron', 1, 35, 35, '16:25:05', 1, '00:00:00', 179),
(922, 'Bebidas', 'agua mineral', 2, 15, 30, '16:47:36', 1, '00:00:00', 146),
(923, 'Bebidas', 'agua mineral', 2, 15, 30, '16:47:57', 1, '00:00:00', 146),
(924, 'Bebidas', 'Coca', 1, 15, 15, '16:48:59', 1, '00:00:00', 146),
(999, 'Especialidad fría', 'Torre Varadero', 1, 170, 170, '16:29:33', 1, '00:00:00', 181),
(996, 'Camarones', 'Empanizados', 1, 160, 160, '16:27:13', 1, '00:00:00', 180),
(997, 'Entradas', 'Ceviche de pulpo', 1, 160, 160, '16:28:56', 1, '00:00:00', 181),
(998, 'Bebidas', 'agua natural ', 1, 10, 10, '16:29:24', 1, '00:00:00', 181),
(991, 'Especialidades', 'Camarones al coco', 1, 160, 160, '16:25:12', 1, '00:00:00', 179),
(904, 'Entradas', 'Ceviche Camaron', 1, 140, 140, '15:13:06', 1, '00:00:00', 143),
(1003, 'Bebidas', 'Micheladas', 2, 75, 150, '16:30:43', 1, '00:00:00', 181),
(1004, 'Bebidas', 'Horchata', 1, 30, 30, '16:30:57', 1, '00:00:00', 181),
(818, 'Camarones', 'Empanizados', 1, 160, 160, '12:33:16', 1, '00:00:00', 137),
(819, 'Camarones', 'A la diabla', 1, 130, 130, '12:33:28', 1, '00:00:00', 137),
(820, 'Infantiles', 'camarones al gusto ', 4, 80, 320, '12:34:32', 1, '00:00:00', 137),
(821, 'Bebidas', 'Micheladas', 1, 75, 75, '12:34:41', 1, '00:00:00', 137),
(825, 'Bebidas', 'Naranjada Natural', 1, 30, 30, '12:35:36', 1, '00:00:00', 137),
(1005, 'Cocteles', 'Camaron mediano', 1, 95, 95, '18:55:06', 0, '00:00:00', 182),
(1006, 'Infantiles', 'camarones al gusto ', 1, 80, 80, '20:42:42', 0, '00:00:00', 183),
(1007, 'Licores', 'Jack Daniels copa', 1, 90, 90, '20:43:35', 0, '00:00:00', 183),
(1008, 'Extras', 'aderezo', 1, 15, 15, '20:43:54', 1, '00:00:00', 184),
(1009, 'Infantiles', 'camarones al gusto ', 1, 80, 80, '20:46:43', 0, '00:00:00', 185),
(1010, 'Infantiles', 'camarones al gusto ', 1, 80, 80, '20:50:01', 0, '00:00:00', 185),
(1011, 'Infantiles', 'camarones al gusto ', 1, 80, 80, '20:51:33', 0, '00:00:00', 185),
(1012, 'Infantiles', 'camarones al gusto ', 1, 80, 80, '20:52:21', 0, '00:00:00', 185),
(1013, 'Infantiles', 'camarones al gusto ', 1, 80, 80, '20:52:49', 0, '00:00:00', 185),
(1014, 'Infantiles', 'camarones al gusto ', 1, 80, 80, '20:53:13', 0, '00:00:00', 185),
(1015, 'Infantiles', 'Pollo empanizado', 1, 70, 70, '20:53:43', 0, '00:00:00', 185),
(1016, 'Infantiles', 'camarones al gusto ', 1, 80, 80, '20:54:06', 0, '00:00:00', 185),
(1017, 'Infantiles', 'camarones al gusto ', 1, 80, 80, '20:59:26', 0, '00:00:00', 186),
(1018, 'Infantiles', 'camarones al gusto ', 1, 80, 80, '20:59:32', 0, '00:00:00', 183),
(1019, 'Infantiles', 'camarones al gusto ', 1, 80, 80, '21:01:00', 0, '00:00:00', 183),
(1020, 'Esp fria', 'Torre al aguachile', 1, 160, 160, '21:01:28', 0, '00:00:00', 183),
(1021, 'Bebidas', 'Naranjada Mineral', 1, 35, 35, '21:01:33', 0, '00:00:00', 183);

-- --------------------------------------------------------

--
-- Table structure for table `productos`
--

DROP TABLE IF EXISTS `productos`;
CREATE TABLE IF NOT EXISTS `productos` (
  `pro_id_producto` int(11) NOT NULL AUTO_INCREMENT,
  `pro_producto` varchar(35) NOT NULL,
  `pro_categoria` varchar(30) NOT NULL,
  `pro_costo` int(11) NOT NULL,
  `pro_fecha` date NOT NULL,
  `pro_status` tinyint(1) NOT NULL,
  PRIMARY KEY (`pro_id_producto`)
) ENGINE=MyISAM AUTO_INCREMENT=182 DEFAULT CHARSET=utf8;

--
-- Dumping data for table `productos`
--

INSERT INTO `productos` (`pro_id_producto`, `pro_producto`, `pro_categoria`, `pro_costo`, `pro_fecha`, `pro_status`) VALUES
(1, 'Empanizados', 'camarones', 160, '2021-10-31', 1),
(2, 'Al mojo de ajo', 'camarones', 130, '2021-10-31', 1),
(3, 'A la diabla', 'camarones', 130, '2021-10-31', 1),
(4, 'A la mexicana', 'camarones', 130, '2021-10-31', 1),
(5, 'A la crema', 'camarones', 130, '2021-10-31', 1),
(6, 'A la mantequilla', 'camarones', 130, '2021-11-03', 1),
(7, 'orden mixta', 'camarones', 160, '2021-11-03', 1),
(8, 'A la plancha', 'filetes', 120, '2021-11-03', 1),
(9, 'A la diabla', 'filetes', 120, '2021-11-03', 1),
(10, 'Al mojo de ajo', 'filetes', 120, '2021-11-03', 1),
(11, 'A la mexicana', 'filetes', 120, '2021-11-03', 1),
(12, 'Empanizado', 'filetes', 130, '2021-11-03', 1),
(13, 'Camarones al coco', 'esp caliente', 160, '2021-11-03', 1),
(14, 'Camarones Bufalo', 'esp caliente', 160, '2021-11-03', 1),
(15, 'Camaranes crema chipotle', 'esp caliente', 160, '2021-11-03', 1),
(16, 'Camarones Zarandeados', 'esp caliente', 160, '2021-11-03', 1),
(17, 'Camarones imperial', 'esp caliente', 160, '2021-11-05', 1),
(18, 'Al cilantro', 'camarones', 130, '2021-11-05', 1),
(19, 'Camarones al tamarindo', 'esp caliente', 160, '2021-11-05', 1),
(20, 'Camarones al ajillo', 'esp caliente', 160, '2021-11-05', 1),
(21, 'Mariscada (4 personas)', 'mariscadas', 480, '2021-11-05', 1),
(22, 'Mariscada (6 personas)', 'mariscadas', 690, '2021-11-05', 1),
(23, 'Mariscada (8 personas)', 'mariscadas', 920, '2021-11-05', 1),
(24, 'Mariscada (10 personas)', 'mariscadas', 1150, '2021-11-05', 1),
(25, 'Camarones a la cucaracha', 'esp caliente', 160, '2021-11-05', 1),
(26, 'Camarones a la philadelphia', 'esp caliente', 160, '2021-11-05', 1),
(27, 'Camarones al tequila', 'esp caliente', 160, '2021-11-05', 1),
(28, 'pollo ', 'fajitas', 140, '2021-11-05', 1),
(29, 'Camaron ', 'fajitas', 150, '2021-11-05', 1),
(30, 'Arrachera', 'fajitas', 160, '2021-11-05', 1),
(31, 'Camaron mediano', 'cocteles', 95, '2021-11-05', 1),
(32, 'Camaron Grande', 'cocteles', 125, '2021-11-05', 1),
(33, 'Mixto mediano', 'cocteles', 110, '2021-11-05', 1),
(34, 'Mixto Grande', 'cocteles', 140, '2021-11-05', 1),
(35, 'Sopa de mariscos ', 'esp caliente', 180, '2021-11-05', 1),
(36, 'Pescado zarandeado', 'esp caliente', 250, '2021-11-05', 1),
(37, 'Huachinango', 'esp caliente', 250, '2021-11-05', 1),
(38, 'Molcajete Mixto', 'esp caliente', 180, '2021-11-05', 1),
(39, 'Verde', 'aguachile', 140, '2021-11-05', 1),
(44, 'Tostada Ahogada', 'tostadas', 60, '2021-11-05', 1),
(45, 'Tostada Surimi', 'tostadas', 55, '2021-11-05', 1),
(46, 'Especial (Rojo)', 'aguachiles', 135, '2021-11-06', 1),
(47, 'Varadero', 'aguachiles', 140, '2021-11-06', 1),
(48, 'Verde especial', 'aguachiles', 150, '2021-11-06', 1),
(50, 'Ceviche Camaron', 'ceviche', 140, '2021-11-06', 1),
(51, 'Ceviche Pescado', 'ceviche', 120, '2021-11-06', 1),
(52, 'Ceviche Perla negra', 'ceviche', 150, '2021-11-06', 1),
(53, 'Ceviche de pulpo', 'ceviche', 160, '2021-11-06', 1),
(55, 'Hawaiana', 'tostadas', 50, '2021-11-06', 1),
(56, 'Camaron', 'tostadas', 35, '2021-11-06', 1),
(57, 'Aguachile', 'tostadas', 50, '2021-11-06', 1),
(58, 'Pescado', 'tostadas', 30, '2021-11-06', 1),
(59, 'Orden 3 Camaron capeado', 'tacos', 115, '2021-11-06', 1),
(100, 'Naranjada Mineral', 'bebidas', 35, '2022-01-31', 1),
(99, 'Naranjada Natural', 'bebidas', 30, '2022-01-31', 1),
(62, 'Orden 3 Taco gobernador de camaron', 'tacos', 99, '2021-11-06', 1),
(63, 'Taco de camaron', 'tacos', 40, '2021-11-06', 1),
(64, 'Taco pescado', 'tacos', 35, '2021-11-06', 1),
(65, 'Camaron Capeado', 'tostadas', 55, '2021-11-06', 1),
(66, 'Arrachera', 'cortes', 160, '2021-11-06', 1),
(67, 'Sirlon', 'cortes', 220, '2021-11-06', 1),
(68, 'Costilla de res', 'cortes', 150, '2021-11-06', 1),
(69, 'Rib eye', 'cortes', 260, '2021-11-06', 1),
(70, 'Peinecillo', 'cortes', 150, '2021-11-06', 1),
(98, 'Horchata', 'bebidas', 30, '2022-01-31', 1),
(97, 'Pinada', 'bebidas', 50, '2022-01-31', 1),
(135, '1/2 ceviche camaron', 'ceviche', 70, '2022-02-11', 1),
(96, 'Pina colada', 'bebidas', 70, '2022-01-31', 1),
(136, '1/2 ceviche pescado', 'ceviche', 60, '2022-02-11', 1),
(77, 'Torre al aguachile', 'esp fria', 160, '2021-11-06', 1),
(80, 'Corona', 'bebidas', 35, '2021-11-07', 1),
(81, 'Victoria', 'bebidas', 35, '2021-11-07', 1),
(82, 'Negra modelo', 'bebidas', 35, '2021-11-07', 1),
(83, 'Modelo especial', 'bebidas', 35, '2021-11-07', 1),
(84, 'Ultra', 'bebidas', 35, '2021-11-07', 1),
(85, 'Heineken', 'bebidas', 35, '2021-11-07', 1),
(86, 'Xx lager', 'bebidas', 35, '2021-11-07', 1),
(87, 'Indio', 'bebidas', 30, '2021-11-07', 1),
(88, 'Micheladas', 'bebidas', 75, '2021-11-07', 1),
(89, 'Alitas buffalo', 'snacks', 100, '2021-11-07', 1),
(90, 'Alitas BBQ', 'snacks', 100, '2021-11-07', 1),
(93, 'Limonada natural', 'bebidas', 30, '2022-01-29', 1),
(94, 'limonada mineral', 'bebidas', 35, '2022-01-29', 1),
(101, 'Hamburguesa ', 'snacks', 65, '2022-01-31', 1),
(102, 'Hamburguesa Pollo', 'snacks', 60, '2022-01-31', 1),
(103, 'Hamburguesa camaron', 'snacks', 75, '2022-01-31', 1),
(104, 'Hamburguesa c/papas', 'snacks', 90, '2022-01-31', 1),
(105, 'Hamburguesa Pollo c/papas', 'snacks', 80, '2022-01-31', 1),
(106, 'Hamburguesa camaron c/papas', 'snacks', 95, '2022-01-31', 1),
(107, 'Hamburguesa c/papas gajo', 'snacks', 85, '2022-01-31', 1),
(108, 'Hamburguesa Pollo c/papas gajo', 'snacks', 85, '2022-01-31', 1),
(109, 'Hamburguesa camaron c/papas gajo', 'snacks', 100, '2022-01-31', 1),
(110, 'Papas a la francesa', 'snacks', 55, '2022-01-31', 1),
(111, 'Papas gajo', 'snacks', 65, '2022-01-31', 1),
(112, 'Pollo plancha', 'filetes', 120, '2022-01-31', 1),
(113, 'Pollo empanizado', 'filetes', 130, '2022-01-31', 1),
(114, 'camarones al gusto ', 'infantiles', 80, '2022-01-31', 1),
(115, 'Pollo empanizado', 'infantiles', 70, '2022-01-31', 1),
(116, 'Pollo plancha', 'infantiles', 70, '2022-01-31', 1),
(117, 'Papas a la francesa', 'infantiles', 55, '2022-01-31', 1),
(118, 'Jarra limonada Nat', 'bebidas', 115, '2022-02-07', 1),
(119, 'Jarra limonada Min', 'bebidas', 125, '2022-02-07', 1),
(120, 'Jarra naranjada Nat', 'bebidas', 100, '2022-02-07', 1),
(121, 'Jarra naranjada Min', 'bebidas', 120, '2022-02-07', 1),
(122, 'agua natural ', 'bebidas', 10, '2022-02-08', 1),
(123, 'aguachile verde', 'aguachiles', 140, '2022-02-08', 1),
(124, 'Coca', 'bebidas', 15, '2022-02-08', 1),
(125, 'Sprite', 'bebidas', 15, '2022-02-08', 1),
(126, 'manzanita', 'bebidas', 15, '2022-02-10', 1),
(127, 'Fanta ', 'bebidas', 15, '2022-02-10', 1),
(128, 'Brownies', 'postre', 25, '2022-02-10', 1),
(129, 'Nieve', 'postre', 40, '2022-02-10', 1),
(130, 'Brownie c/nieve ', 'postre', 60, '2022-02-10', 1),
(131, 'agua mineral', 'bebidas', 15, '2022-02-10', 1),
(141, 'Jack Daniels copa', 'licores', 90, '2022-02-12', 1),
(134, 'Torre Varadero', 'esp fria', 170, '2022-02-10', 1),
(137, 'Ceviche mixto cam/pes', 'ceviche', 130, '2022-02-11', 1),
(138, 'Orden mixta especial', 'esp caliente', 180, '2022-02-11', 1),
(139, 'Licor 43 cop', 'licores', 60, '2022-02-12', 1),
(159, 'licor baileys copa', 'licores', 60, '2022-02-12', 1),
(142, 'Jack Daniels botella', 'licores', 990, '2022-02-12', 1),
(143, 'Red Label copa', 'licores', 90, '2022-02-12', 1),
(144, 'Red Label botella', 'licores', 590, '2022-02-12', 1),
(145, 'Buchanans copa', 'licores', 90, '2022-02-12', 1),
(146, 'Buchanans Botella', 'licores', 1390, '2022-02-12', 1),
(147, 'Jose cuervo reposado copa', 'licores', 75, '2022-02-12', 1),
(148, 'Jose cuervo botella', 'licores', 700, '2022-02-12', 1),
(149, '1800 anejo copa', 'licores', 115, '2022-02-12', 1),
(150, '1800 anejo Botella', 'licores', 1390, '2022-02-12', 1),
(151, 'centenario reposado copa', 'licores', 65, '2022-02-12', 1),
(152, 'centenario reposado Botella', 'licores', 590, '2022-02-12', 1),
(153, 'centenario anejo copa', 'licores', 95, '2022-02-12', 1),
(154, 'centenario anejo botella', 'licores', 1190, '2022-02-12', 1),
(155, 'maestro dobel copa', 'licores', 100, '2022-02-12', 1),
(156, 'maestro dobel Botella', 'licores', 1290, '2022-02-12', 1),
(157, 'centenario azul copa', 'licores', 70, '2022-02-12', 1),
(158, 'centenario azul botella', 'licores', 590, '2022-02-12', 1),
(160, 'Fresada c/alcohol', 'bebidas', 75, '2022-02-12', 1),
(161, 'Fresada s/alcohol', 'bebidas', 60, '2022-02-12', 1),
(162, 'mojito ', 'bebidas', 60, '2022-02-12', 1),
(163, 'pulpo al ajillo ', 'esp caliente', 180, '2022-02-12', 1),
(164, 'Jarra Horchata', 'bebidas', 110, '2022-02-12', 1),
(173, 'PEPINO', 'extras', 30, '2022-02-13', 1),
(166, 'Jose cuervo plata botella', 'licores', 690, '2022-02-13', 1),
(167, 'Jose cuervo plata copa', 'licores', 75, '2022-02-13', 1),
(168, 'Old Parr copa', 'licores', 95, '2022-02-13', 1),
(169, 'Old Parr Botella', 'licores', 1390, '2022-02-13', 1),
(170, 'cafe', 'bebidas', 20, '2022-02-13', 1),
(172, 'aderezo', 'extras', 15, '2022-02-13', 1),
(174, 'MICHELADA CON ELECCION', 'bebidas', 85, '2022-02-13', 1),
(175, 'MIXTA CAM PULPO', 'esp caliente', 180, '2022-02-13', 1),
(176, 'PULPO MANTEQUILLA', 'esp caliente', 180, '2022-02-13', 1),
(177, 'ARROZ', 'extras', 20, '2022-02-13', 1),
(178, 'HIELO', 'bebidas', 20, '2022-02-13', 1),
(179, 'TOSTADAS', 'extras', 10, '2022-02-13', 1),
(180, 'Ord. Mixta Especial con doble arroz', 'extras', 200, '2022-02-13', 1),
(181, 'Cam Especial con Pulpo', 'esp caliente', 200, '2022-02-13', 1);

-- --------------------------------------------------------

--
-- Table structure for table `sesion`
--

DROP TABLE IF EXISTS `sesion`;
CREATE TABLE IF NOT EXISTS `sesion` (
  `ses_id_sesion` int(11) NOT NULL AUTO_INCREMENT,
  `ses_usuario` varchar(15) NOT NULL,
  `ses_contrasena` varchar(15) NOT NULL,
  `ses_area` varchar(15) NOT NULL,
  PRIMARY KEY (`ses_id_sesion`)
) ENGINE=MyISAM AUTO_INCREMENT=6 DEFAULT CHARSET=utf8;

--
-- Dumping data for table `sesion`
--

INSERT INTO `sesion` (`ses_id_sesion`, `ses_usuario`, `ses_contrasena`, `ses_area`) VALUES
(1, 'orden', 'varadero21', 'ordenar'),
(2, 'caja', 'varacaj21', 'caja'),
(3, 'admin', 'vardAdmin21', 'admin'),
(4, 'cocina', 'varacoc21', 'cocina'),
(5, 'julissa', 'adjlsadmin21', 'admin');
COMMIT;

/*!40101 SET CHARACTER_SET_CLIENT=@OLD_CHARACTER_SET_CLIENT */;
/*!40101 SET CHARACTER_SET_RESULTS=@OLD_CHARACTER_SET_RESULTS */;
/*!40101 SET COLLATION_CONNECTION=@OLD_COLLATION_CONNECTION */;
